X (mm),Y (mm),Gore Section
28.769919343182824,398.3287043550563,7N
52.74714658010077,403.88425988825315,7N
67.23487686488582,409.4398154214498,7N
75.99365606736856,403.88425988825315,7N
62.045750375007785,403.88425988825315,7N
38.799240887739984,403.88425988825315,7N
89.94156175972907,403.88425988825315,7N
66.6950522724613,403.88425988825315,7N
80.64295796482207,403.88425988825315,7N
-41.53061028435295,387.2175932886627,6N
99.60425373808698,409.4398154214498,7N
62.610680168714296,409.4398154214498,7N
43.448542785193496,403.88425988825315,7N
147.40951085205964,-101.6712936326479,7S
-630.1429700564883,-385.0046258256803,5S
-728.2103269175645,-346.11573709330327,4S
-696.4941474992602,-368.33795922609016,4S
-773.3228842045445,-368.33795922609016,4S
-734.5122359281957,-296.11573729453295,4S
-728.6734260376628,-351.6712926264999,4S
-694.5941456889599,-351.6712926264999,4S
-616.2221423508425,-423.89351455805735,5S
-638.3695946285446,-307.22684836092634,5S
-733.1399950667345,-273.8935151617459,4S
-772.4896436288523,-351.6712926264999,4S
-725.1758751992935,-307.22684836092634,4S
-620.0688713525744,-390.560181358877,5S
-773.0406204338265,-362.7824036928934,4S
-624.7769930363996,-390.560181358877,5S
-717.8055990260702,-429.449070091254,4S
-630.7921256435843,-379.44907029248355,5S
-695.8505138465172,-362.7824036928934,4S
-634.8750115783596,-385.0046258256803,5S
-732.8138865375923,-268.33795962854924,4S
-772.5368074030309,-435.00462562445074,4S
-635.5477706777388,-379.44907029248355,5S
-628.4466056882213,-357.2268481596968,5S
-769.462599868548,-385.0046258256803,4S
-734.8718696990076,-301.6712928277296,4S
-730.1067198078222,-368.33795922609016,4S
-740.9835512288503,-318.3379594273198,4S
-691.6923514551798,-368.33795922609016,4S
493.3305874458151,448.32870415382706,8N
1589.3626266123947,-418.3379590248607,11S
1270.8561147000662,-357.2268481596968,10S
1593.9459132547095,-418.3379590248607,11S
1715.088387606076,-307.22684836092634,12S
1593.4129313296874,-423.89351455805735,11S
1701.9017922968337,-373.8935147592869,12S
1697.1228981961424,-373.8935147592869,12S
1535.4784764616732,-385.0046258256803,11S
1535.2991375004317,-390.560181358877,11S
1271.3265670204792,-351.6712926264999,10S
1710.0572232883835,-307.22684836092634,12S
1697.7855547444447,-379.44907029248355,12S
1715.5383827243327,-312.78240389412304,12S
1634.1696928607603,-390.560181358877,11S
1709.5968513264618,-301.6712928277296,12S
1584.2983626262671,-423.89351455805735,11S
1698.458313883089,-385.0046258256803,12S
1699.9948946529976,-307.22684836092634,12S
1705.4751522542792,-362.7824036928934,12S
1605.5327507832087,-473.8935143568278,11S
1615.093563950921,-190.56018216379528,11S
1585.722014644619,-407.22684795846715,11S
1275.7026992725762,-357.2268481596968,10S
1270.3788076425399,-362.7824036928934,10S
1609.4796659969143,-401.6712924252705,11S
1580.1960533277647,-418.3379590248607,11S
1595.502050833066,-401.6712924252705,11S
1701.2719315698566,-368.33795922609016,12S
1269.8932733453871,-368.33795922609016,10S
1709.1448997103819,-296.11573729453295,12S
1685.463807534358,-257.2268485621561,12S
1700.6507705925728,-362.7824036928934,12S
1606.949532852138,-462.7824032904344,11S
1568.9449590099116,-379.44907029248355,11S
1276.1950356417221,-351.6712926264999,10S
1615.337206125459,-390.560181358877,11S
1715.9958122892315,-318.3379594273198,12S
1714.043674796002,-351.6712926264999,12S
1602.5275000331085,-423.89351455805735,11S
1453.6973211364943,-140.56018236502493,11S
1597.9702156813976,-423.89351455805735,11S
1604.8204609422985,-401.6712924252705,11S
1693.9557994801003,-346.11573709330327,12S
1708.7007217603286,-290.5601817613361,12S
1540.0072591842575,-390.560181358877,11S
1590.8428457784503,-401.6712924252705,11S
1633.268954316685,-357.2268481596968,11S
1633.4773397890322,-396.11573689207387,11S
1607.0847843848187,-423.89351455805735,11S
176.53724785407337,537.2175926849744,7N
160.72850874695666,537.2175926849744,7N
176.6196677246038,531.6620371517779,7N
124.4694262221979,526.1064816185807,7N
168.68160481368864,520.5509260853843,7N
172.58506307729425,537.2175926849744,7N
152.70855336309126,531.6620371517779,7N
172.73173234509014,520.5509260853843,7N
180.48943263085255,537.2175926849744,7N
156.77632397017751,537.2175926849744,7N
180.60485345152256,531.6620371517779,7N
156.69373909000998,531.6620371517779,7N
164.68069352373598,537.2175926849744,7N
160.58134975088535,520.5509260853843,7N
136.52291067266472,526.1064816185807,7N
542.1582233042836,448.32870415382706,8N
511.01655461070396,453.88425968702353,8N
546.5970992914171,448.32870415382706,8N
533.891419139878,431.66203755423663,8N
519.9638433686162,448.32870415382706,8N
502.18046715410844,459.4398152202204,8N
1014.2741785358068,264.99537155833525,10N
1019.4395877067528,264.99537155833525,10N
979.5827205810975,276.10648262472876,9N
974.9152315998666,270.5509270915321,9N
975.3691691738902,264.99537155833525,9N
974.4507128587729,276.10648262472876,9N
1024.1596885474462,259.43981602513884,10N
257.6077540686852,598.3287035501381,7N
254.04108723209018,598.3287035501381,7N
394.77441054169685,598.3287035501381,8N
395.2271039683613,581.6620369505479,8N
229.07441937592668,598.3287035501381,7N
398.08856167645973,614.9953701497283,8N
398.90302344510616,581.6620369505479,8N
230.98606743886464,581.6620369505479,7N
269.3552144708266,592.7731480169415,7N
259.47407111926486,587.2175924837449,7N
77.7780921227808,564.9953703509577,7N
85.34227246647859,564.9953703509577,7N
89.84270339155181,570.5509258841546,7N
89.12436263832768,564.9953703509577,7N
92.90645281017657,564.9953703509577,7N
81.5601822946297,564.9953703509577,7N
84.59569676854214,559.4398148177609,7N
80.77888618300341,559.4398148177609,7N
73.99600195093191,564.9953703509577,7N
88.4125073540811,559.4398148177609,7N
78.60154309436322,570.5509258841546,7N
92.22931793961983,559.4398148177609,7N
96.04612852515857,559.4398148177609,7N
99.86293911069731,559.4398148177609,7N
91.55941697769512,553.8842592845645,7N
79.43342929776573,576.106481417351,7N
74.8544896619671,570.5509258841546,7N
86.0956499591555,570.5509258841546,7N
80.27336889232357,581.6620369505479,7N
75.72177151267442,576.106481417351,7N
79.43342929776573,576.106481417351,7N
83.14508708285702,576.106481417351,7N
71.10743622957095,570.5509258841546,7N
86.0956499591555,570.5509258841546,7N
81.12078819420707,587.2175924837449,7N
76.59744941557872,581.6620369505479,7N
-707.8129909760122,-196.11573769699214,4S
-760.9140179275092,-185.00462663059864,4S
-518.1146251367649,-262.7824040953526,5S
-481.800208028764,-251.67129302895913,5S
-512.9427115858608,-262.7824040953526,5S
-543.3990504616281,-285.00462622813944,5S
-545.619201410094,-185.00462663059864,5S
-523.4294629439254,-251.67129302895913,5S
-518.1707896444349,-257.2268485621561,5S
-523.3587387454046,-257.2268485621561,5S
-492.09762397325784,-223.89351536297565,5S
-561.9193180983415,-329.4490704937132,5S
-486.78644486711073,-218.33795982977898,5S
-430.6839275121926,-40.56018276748403,5S
-449.88126919913776,-223.89351536297565,5S
-507.79489144249567,-257.2268485621561,5S
-523.2865386876691,-262.7824040953526,5S
-529.6450046813093,-173.8935155642051,5S
-492.077156783004,-218.33795982977898,5S
-487.00386489315906,-251.67129302895913,5S
-602.6427484426191,-229.44907089617232,5S
-475.0957833909009,-57.22684936707433,5S
-542.4491935756804,-318.3379594273198,5S
-564.8623315531613,-257.2268485621561,5S
-528.8811213211902,-235.00462642936907,5S
-535.0325570380767,-173.8935155642051,5S
-486.82057962649293,-223.89351536297565,5S
-536.1189708646167,-12.78240510150042,5S
-562.1714258164961,-323.89351496051654,5S
-537.887271045087,-301.6712928277296,5S
-621.2333947463559,-173.8935155642051,5S
-538.1616598365973,-290.5601817613361,5S
-543.5472254519971,-279.44907069494275,5S
-518.22580607953,-251.67129302895913,5S
-426.4956952395919,-140.56018236502493,5S
-537.7463082746899,-307.22684836092634,5S
-543.0940537761911,-296.11573729453295,5S
-528.6331198083204,-251.67129302895913,5S
-476.5965511643689,-251.67129302895913,5S
-392.1077477891155,-62.78240490027098,5S
-663.7014694484265,-35.00462723428727,5S
-544.7491319268316,-229.44907089617232,5S
-569.8337606458059,-262.7824040953526,5S
-471.3928942999738,-251.67129302895913,5S
-431.83506835681385,-135.00462683182806,5S
-528.5466878463743,-257.2268485621561,5S
-669.6596017743014,-35.00462723428727,4S
-492.20752175755416,-251.67129302895913,5S
-518.2796557410761,-246.1157374957625,5S
-481.69395105667013,-240.56018196256574,5S
-556.9667630025128,-329.4490704937132,5S
-534.4892490730274,-212.78240429658211,5S
-547.9871772287396,-301.6712928277296,5S
-497.3746683200232,-223.89351536297565,5S
-529.5849485019942,-179.44907109740186,5S
-578.2868957796966,-301.6712928277296,5S
-460.75780027110864,-240.56018196256574,5S
-528.7177187447933,-246.1157374957625,5S
-397.8851316106185,-79.44907149986106,5S
-709.5023714919771,-96.11573809945114,4S
-538.0256555627326,-296.11573729453295,5S
-571.824428289999,-329.4490704937132,5S
-534.0343280205739,-240.56018196256574,5S
-415.22466904182545,-123.89351576543487,5S
-567.1441454975075,-323.89351496051654,5S
-553.7906191614061,-279.44907069494275,5S
-534.9615865137013,-179.44907109740186,5S
-540.3382245254084,-179.44907109740186,5S
-544.3748132503687,-246.1157374957625,5S
-491.68778565006244,-29.449071701090496,5S
-523.6969077392728,-229.44907089617232,5S
-502.61483548634465,-251.67129302895913,5S
-555.1247591469868,-235.00462642936907,5S
-565.2509392578027,-246.1157374957625,5S
-398.0790326442235,-90.56018256625437,5S
-392.56904669234655,-90.56018256625437,5S
-518.3322149314026,-240.56018196256574,5S
-512.9828405434653,-257.2268485621561,5S
-534.1298488863495,-235.00462642936907,5S
-476.2050210353242,-218.33795982977898,5S
-528.4584522385733,-262.7824040953526,5S
-425.17336406017654,-46.115738300680796,5S
-566.8718731941702,-329.4490704937132,5S
-436.52841114675647,-79.44907149986106,5S
-518.0571514569012,-268.33795962854924,5S
-570.604964226064,-351.6712926264999,5S
-415.1085046015619,-118.33796023223809,5S
-584.5208002896321,-279.44907069494275,5S
-523.4986872429348,-246.1157374957625,5S
-534.5735891277575,-207.22684876338545,5S
-549.5938447522273,-246.1157374957625,5S
-486.59994363966877,-185.00462663059864,5S
1274.6715075457887,53.88426129686011,10N
237.54352985984383,476.1064818198106,7N
251.0020636581639,470.55092628661373,7N
275.4557380290388,481.66203735300724,7N
266.92242521968456,481.66203735300724,7N
246.67661694388104,470.55092628661373,7N
259.6529570867299,470.55092628661373,7N
260.27338469758416,464.99537075341726,7N
254.72840357070842,476.1064818198106,7N
-869.3564437912707,487.2175928862039,4N
-822.9812223034837,503.8842594857941,4N
-873.593210996779,487.2175928862039,4N
-873.8772330927853,481.66203735300724,4N
-1404.8228250317209,548.3287037513676,2N
-900.3885682579509,470.55092628661373,4N
-839.5611756673953,503.8842594857941,4N
-823.0593478362265,509.4398150189907,4N
-1408.708003953628,548.3287037513676,2N
-802.9674995789999,520.5509260853843,4N
-818.836233962506,503.8842594857941,4N
-878.1438894974623,481.66203735300724,4N
-1106.9833099958983,553.8842592845645,3N
-1236.6447867561,564.9953703509577,3N
-1229.7355752586373,592.7731480169415,3N
-1226.1321522190394,592.7731480169415,3N
-887.0468014809751,476.1064818198106,4N
-818.945640981838,509.4398150189907,4N
-865.1196765857627,487.2175928862039,4N
-882.4105459021393,481.66203735300724,4N
-869.6105766881082,481.66203735300724,4N
-895.6392383364075,476.1064818198106,4N
-873.3056312337736,492.7731484194005,4N
-1232.8626965842511,564.9953703509577,3N
-739.3854873172572,498.3287039525972,4N
-869.8619277701105,476.1064818198106,4N
-814.9740453086916,514.9953705521874,4N
-1179.5415714118285,581.6620369505479,3N
-1164.7678000547253,559.4398148177609,3N
-827.1262106444616,503.8842594857941,4N
-814.691245621528,503.8842594857941,4N
-814.8319341274494,509.4398150189907,4N
-1235.9965195150871,570.5509258841546,3N
-827.1730546906151,509.4398150189907,4N
-806.4012689395721,503.8842594857941,4N
-860.6861203930475,492.7731484194005,4N
-1231.004444086257,581.6620369505479,3N
-1276.43435338877,553.8842592845645,3N
-878.4543646255428,476.1064818198106,4N
-882.7505830532589,476.1064818198106,4N
-803.7018254443574,537.2175926849744,4N
-848.0666095523213,492.7731484194005,4N
-945.9804774084079,537.2175926849744,4N
-1225.5255830112008,598.3287035501381,3N
-896.063121543668,470.55092628661373,4N
-877.8299782022871,487.2175928862039,4N
-1226.3692723863307,553.8842592845645,3N
-835.4161873264173,503.8842594857941,4N
-869.0991276201981,492.7731484194005,4N
-864.8926240066228,492.7731484194005,4N
-1412.6255751965398,598.3287035501381,2N
-1229.0922498477955,598.3287035501381,3N
-1261.6694363828528,614.9953701497283,3N
-1275.4553070353497,559.4398148177609,3N
-882.0667454077951,487.2175928862039,4N
-810.7182272730608,509.4398150189907,4N
-562.2863792855984,526.1064816185807,5N
-852.2731131658967,492.7731484194005,4N
-886.6772023068164,481.66203735300724,4N
-877.5121348473489,492.7731484194005,4N
-856.479616779472,492.7731484194005,4N
-1103.1321499187877,553.8842592845645,3N
-900.8359774299008,464.99537075341726,4N
-1397.0524671879075,548.3287037513676,2N
-881.7186384609242,492.7731484194005,4N
-810.5462572805501,503.8842594857941,4N
-1388.4377909418827,564.9953703509577,2N
-868.8391218895285,498.3287039525972,4N
-873.0150455854082,498.3287039525972,4N
-885.9251420744997,492.7731484194005,4N
-798.6456091405465,514.9953705521874,4N
-843.860105938746,492.7731484194005,4N
-880.2877899812726,514.9953705521874,4N
-806.6045204186722,509.4398150189907,4N
-1411.835274032626,542.773148218171,2N
-839.6076560183706,498.3287039525972,4N
-798.9173720475984,520.5509260853843,4N
-807.0176271104013,520.5509260853843,4N
-891.3430199086913,476.1064818198106,4N
-1210.9646320778877,553.8842592845645,3N
-1281.2891544046604,548.3287037513676,3N
-1400.9376461098143,548.3287037513676,2N
-802.7277181825827,514.9953705521874,4N
-886.3035126133033,487.2175928862039,4N
-810.8919362666553,514.9953705521874,4N
-868.0414628551636,514.9953705521874,4N
-884.3698990233089,514.9953705521874,4N
-1232.2494660826906,570.5509258841546,3N
-874.1581461978267,476.1064818198106,4N
-749.6603006361108,514.9953705521874,4N
-843.7061640083732,503.8842594857941,4N
-765.4674518747868,509.4398150189907,4N
-860.8829093802545,487.2175928862039,4N
-1280.2855134658805,553.8842592845645,3N
-1126.239110381452,553.8842592845645,3N
-735.2095636213776,498.3287039525972,4N
-1424.9120021055726,553.8842592845645,2N
-1102.5709239969437,548.3287037513676,3N
-831.2711989854396,503.8842594857941,4N
-760.8063971888154,503.8842594857941,4N
-819.056154350728,514.9953705521874,4N
-807.6540102211366,537.2175926849744,4N
-1208.4112351034903,631.6620367493184,3N
-806.809827224619,514.9953705521874,4N
-890.9438587114934,481.66203735300724,4N
-749.0126244572326,509.4398150189907,4N
-843.7835797142502,498.3287039525972,4N
-737.4139735100018,514.9953705521874,4N
-1172.080806625072,592.7731480169415,3N
-774.1529548883286,514.9953705521874,4N
-890.5402798188113,487.2175928862039,4N
-1274.4656884745893,564.9953703509577,3N
-774.6166068591889,520.5509260853843,4N
-851.8552958169464,509.4398150189907,4N
-1420.3635407193487,548.3287037513676,2N
-1110.3412818407573,548.3287037513676,3N
-1204.5116139814525,592.7731480169415,3N
-868.5760940542405,503.8842594857941,4N
-798.3771067098952,509.4398150189907,4N
-1223.0936383444146,587.2175924837449,3N
-802.4908135642837,509.4398150189907,4N
-743.561411013137,498.3287039525972,4N
-811.7893567434764,542.773148218171,4N
-1226.7335012612525,587.2175924837449,3N
-1235.3416115818552,576.106481417351,3N
-1172.401421225803,559.4398148177609,3N
-882.745520979941,537.2175926849744,4N
-1114.6856301501198,553.8842592845645,3N
-783.9409015604615,537.2175926849744,4N
-1403.7437706718752,626.1064812161218,2N
-1179.6667448054855,576.106481417351,3N
-779.9887167836824,537.2175926849744,4N
-766.5486876742858,559.4398148177609,4N
-792.7246776594499,-373.8935147592869,4S
-792.5300683808656,-368.33795922609016,4S
-802.9001679068506,-396.11573689207387,4S
-797.3318644249458,-368.33795922609016,4S
-792.9222366171975,-379.44907029248355,4S
-807.8565469361891,-407.22684795846715,4S
-812.9554121316983,-429.449070091254,4S
-797.854848999775,-385.0046258256803,4S
-798.0341880008078,-390.560181358877,4S
-797.5035717601406,-373.8935147592869,4S
-797.1625287423607,-362.7824036928934,4S
-796.3552159301436,-335.00462602691,4S
-808.1367120889191,-418.3379590248607,4S
1252.4115632342236,253.8842604919417,10N
1267.1494342794263,442.7731486206302,10N
1365.74757565002,348.32870455628597,11N
1257.609011372294,253.8842604919417,10N
1356.6238601486327,353.88426008948284,11N
1202.2519172427499,381.6620377554663,10N
1252.150120610816,259.43981602513884,10N
1262.8064595103654,253.8842604919417,10N
1354.7361474305735,337.2175934898924,11N
1361.4836562632638,353.88426008948284,11N
1271.6158314847912,442.7731486206302,10N
1255.8279705402956,420.5509264878431,10N
1291.8027185597732,387.2175932886627,10N
1289.1963149843434,409.4398154214498,10N
1283.239724983094,259.43981602513884,10N
1397.6628913124928,464.99537075341726,11N
1249.2996710840932,387.2175932886627,10N
1357.2733509259413,359.43981562267925,11N
1309.3691180698884,359.43981562267925,10N
1310.0184987334644,353.88426008948284,10N
1360.8661132612065,348.32870455628597,11N
1159.300187271584,342.7731490230891,10N
1255.3186354977915,426.10648202104,10N
1263.843163709142,431.66203755423663,10N
1252.6671248559278,403.88425988825315,10N
1256.8269381111425,409.4398154214498,10N
1417.372443233491,487.2175928862039,11N
1285.015023100887,442.7731486206302,10N
1276.7471150859014,437.2175930874333,10N
1370.6290380388327,348.32870455628597,11N
1259.3228008483486,431.66203755423663,10N
1362.8339660065974,403.88425988825315,11N
1279.947921592,409.4398154214498,10N
1282.9387226168021,381.6620377554663,10N
1252.2027414149713,409.4398154214498,10N
1259.8654734210827,426.10648202104,10N
1248.8782034553717,392.77314882185965,10N
1293.8205116805148,409.4398154214498,10N
1268.3635265699343,431.66203755423663,10N
1300.298906504201,353.88426008948284,10N
1356.8155234924375,309.4398158239091,11N
1284.5721182881723,409.4398154214498,10N
1245.3542674541325,376.1064822222692,10N
1239.854549422832,387.2175932886627,10N
1432.1135484204565,509.4398150189907,11N
1276.0822286901562,442.7731486206302,10N
1304.5313367253532,359.43981562267925,10N
1264.4123113443748,426.10648202104,10N
1260.4009315595256,420.5509264878431,10N
1206.9981999118124,381.6620377554663,10N
1298.444708376687,409.4398154214498,10N
1252.6671093134844,248.32870495874525,10N
1302.6520372501773,276.10648262472876,10N
1365.1603986717628,342.7731490230891,11N
1277.4042522915188,431.66203755423663,10N
1257.316426753381,403.88425988825315,10N
1263.266500498021,437.2175930874333,10N
1267.7600386939812,437.2175930874333,10N
1272.2535768899413,437.2175930874333,10N
1277.0690445994057,392.77314882185965,10N
1262.4734105917144,398.3287043550563,10N
1249.714743933369,381.6620377554663,10N
1275.3237248958287,409.4398154214498,10N
1362.1111322704764,359.43981562267925,11N
1368.9602565858413,331.6620379566959,11N
1273.505987190957,426.10648202104,10N
1256.3311380214864,414.9953709546467,10N
1362.368840056212,314.9953713571055,11N
1250.1239358609257,376.1064822222692,10N
1270.1274413897036,414.9953709546467,10N
1268.959149267666,426.10648202104,10N
1282.3575968985106,387.2175932886627,10N
1268.6998746096172,381.6620377554663,10N
1233.3372990744576,414.9953709546467,10N
1360.2575863345307,342.7731490230891,11N
1237.536126463376,420.5509264878431,10N
1289.481420306252,442.7731486206302,10N
1280.548625895522,442.7731486206302,10N
1266.0753315034863,409.4398154214498,10N
1143.55979785814,276.10648262472876,10N
1285.7195181603072,353.88426008948284,10N
1254.0222319147251,387.2175932886627,10N
1288.522512547326,414.9953709546467,10N
1396.9920329059362,459.4398152202204,11N
1264.9738925787562,420.5509264878431,10N
1357.9332582391842,364.99537115587617,11N
1251.2550095210659,420.5509264878431,10N
1278.6927756364453,420.5509264878431,10N
1266.6150305482886,403.88425988825315,10N
1255.3201737250884,370.5509266890728,10N
1265.528673600298,414.9953709546467,10N
1197.5056345736882,381.6620377554663,10N
1272.8838894307264,431.66203755423663,10N
1299.6935553808169,359.43981562267925,10N
1278.7419463016877,376.1064822222692,10N
1358.6024979535716,370.5509266890728,11N
1261.4511348073138,409.4398154214498,10N
1278.1924399477405,381.6620377554663,10N
1262.9736240273885,392.77314882185965,10N
1270.9691516810497,448.32870415382706,10N
1154.397374934352,342.7731490230891,10N
1257.7443009438873,337.2175934898924,10N
1244.5771102534627,387.2175932886627,10N
1274.1198146172155,420.5509264878431,10N
1206.7966236084148,387.2175932886627,10N
1296.5252793904037,387.2175932886627,10N
1253.1252708084803,398.3287043550563,10N
1303.8094457279167,403.88425988825315,10N
1261.9657286508343,403.88425988825315,10N
1268.1899144066185,387.2175932886627,10N
1277.6350360678798,387.2175932886627,10N
1291.1644651714228,392.77314882185965,10N
1297.9507620116103,270.5509270915321,10N
1267.6720975513952,392.77314882185965,10N
1260.9299058108916,414.9953709546467,10N
1391.9186489194929,453.88425968702353,11N
1263.9535919405546,381.6620377554663,10N
1272.3705710754002,392.77314882185965,10N
1355.984650872394,348.32870455628597,11N
1270.6995281996574,409.4398154214498,10N
1303.0689050728583,409.4398154214498,10N
1311.9253676236697,287.2175936911223,10N
1295.8629386954278,392.77314882185965,10N
1244.1797299313664,392.77314882185965,10N
1285.2122381381025,403.88425988825315,10N
1271.2643324457417,403.88425988825315,10N
1244.9684612643073,381.6620377554663,10N
1257.7993407000974,398.3287043550563,10N
1283.9237447579203,414.9953709546467,10N
1274.7262091791088,414.9953709546467,10N
1259.6632726745133,376.1064822222692,10N
941.3603028283995,487.2175928862039,9N
1287.0801577291422,387.2175932886627,10N
1292.4312879549261,381.6620377554663,10N
1269.546853597986,420.5509264878431,10N
1287.6850052858647,381.6620377554663,10N
1272.912475237249,387.2175932886627,10N
1288.2812831152753,376.1064822222692,10N
1260.1129030577104,370.5509266890728,10N
1259.2073092714932,381.6620377554663,10N
1267.1474804833322,398.3287043550563,10N
1254.4610266024315,381.6620377554663,10N
1279.324976968514,414.9953709546467,10N
1293.0509515220688,376.1064822222692,10N
1257.3317213395285,259.43981602513884,10N
1359.6599283821674,337.2175934898924,11N
1263.4673535759866,387.2175932886627,10N
1257.3564340162116,342.7731490230891,10N
1225.0808514587761,398.3287043550563,10N
1297.1775706239875,381.6620377554663,10N
1353.5278406004793,326.1064824234991,11N
1264.9056323903324,370.5509266890728,10N
1284.6322551290798,364.99537115587617,10N
1299.160143830463,403.88425988825315,10N
1402.0171984809208,464.99537075341726,11N
1241.2935336159371,364.99537115587617,10N
1354.1269685924835,331.6620379566959,11N
1264.4329410813066,376.1064822222692,10N
1273.4461572786788,381.6620377554663,10N
1247.2141150961534,253.8842604919417,10N
1310.6575996390816,348.32870455628597,10N
1387.5076154918474,453.88425968702353,11N
1236.478120114476,364.99537115587617,10N
1270.1860146246997,364.99537115587617,10N
1244.2210240324548,314.9953713571055,10N
1226.2045868849257,453.88425968702353,10N
1226.7768778584407,242.77314942554838,10N
1275.9136343431949,403.88425988825315,10N
1249.2253383608338,314.9953713571055,10N
1258.7447927453559,387.2175932886627,10N
1271.8215503749493,398.3287043550563,10N
1362.9087274864164,320.55092689030266,11N
1266.5302756939166,448.32870415382706,10N
1290.2277296737825,437.2175930874333,10N
1258.2751505033834,392.77314882185965,10N
1254.89360426772,376.1064822222692,10N
1371.2032484925267,353.88426008948284,11N
1220.6873623113386,392.77314882185965,10N
1276.4956202665662,398.3287043550563,10N
1235.1319885922,387.2175932886627,10N
1355.3547739972998,342.7731490230891,11N
1250.7717975745006,426.10648202104,10N
1281.1696901581834,398.3287043550563,10N
1285.8437600498014,398.3287043550563,10N
1250.5274443924652,370.5509266890728,10N
1301.9238532930503,381.6620377554663,10N
1253.576676979378,392.77314882185965,10N
1254.566681575677,309.4398158239091,10N
1273.824903669724,320.55092689030266,10N
1280.5629362406482,403.88425988825315,10N
1308.7093226363825,364.99537115587617,10N
1283.265736655676,420.5509264878431,10N
1200.437081853517,253.8842604919417,10N
1243.3685210610201,403.88425988825315,10N
1278.0528251142482,426.10648202104,10N
1359.0713979236025,331.6620379566959,11N
1373.5223841598704,414.9953709546467,11N
1392.6091816091257,459.4398152202204,11N
1192.7593519046268,381.6620377554663,10N
1255.7397741203185,364.99537115587617,10N
1285.7341914778224,437.2175930874333,10N
1300.5614122194345,392.77314882185965,10N
1211.5191844390456,387.2175932886627,10N
1364.0158272547224,331.6620379566959,11N
1210.4194475788609,270.5509270915321,10N
1208.560453174347,453.88425968702353,10N
1303.2474670513116,370.5509266890728,10N
1239.481256407361,392.77314882185965,10N
1293.1212803367314,414.9953709546467,10N
1279.8168416276199,364.99537115587617,10N
1293.9478175116176,442.7731486206302,10N
1240.3510510472347,442.7731486206302,10N
1244.519529826863,309.4398158239091,10N
1262.6680818954815,337.2175934898924,10N
1296.013212472643,348.32870455628597,10N
1307.310828068005,281.66203815792517,10N
1299.8659697246535,398.3287043550563,10N
1370.063211008994,342.7731490230891,11N
1302.5902883356562,376.1064822222692,10N
1274.4910910555775,370.5509266890728,10N
1159.3322655858847,348.32870455628597,10N
1295.1918998330354,398.3287043550563,10N
1240.2221785952456,381.6620377554663,10N
1366.9489136150125,359.43981562267925,11N
1222.1490573118294,220.55092729276154,10N
1188.0130692355642,381.6620377554663,10N
1225.385835835344,392.77314882185965,10N
1305.1587026188333,353.88426008948284,10N
1221.7041422166624,237.21759389235172,10N
1388.2263303123143,459.4398152202204,11N
1274.2469100027315,314.9953713571055,10N
1237.1215570139937,353.88426008948284,10N
1267.5918628470752,337.2175934898924,10N
1272.959532321257,331.6620379566959,10N
1245.1011439891597,298.3287047575156,10N
1374.2745152089133,453.88425968702353,11N
1220.9643061003082,387.2175932886627,10N
1265.3706011232387,364.99537115587617,10N
1221.2268744057992,253.8842604919417,10N
1281.767518123411,392.77314882185965,10N
1246.9685198821035,259.43981602513884,10N
1229.4206153686594,403.88425988825315,10N
1273.9722778948942,376.1064822222692,10N
1154.3449009604067,337.2175934898924,10N
1179.0660934991583,326.1064824234991,10N
1368.1988289293138,409.4398154214498,11N
1382.719919738681,414.9953709546467,11N
1178.0223908018374,426.10648202104,10N
1269.202609488101,376.1064822222692,10N
1430.0827448500154,487.2175928862039,11N
1379.460627718693,459.4398152202204,11N
1236.8023979018549,359.43981562267925,10N
1283.511614708481,376.1064822222692,10N
1249.5431057012697,309.4398158239091,10N
1386.7975605899555,448.32870415382706,11N
1297.8206199288618,376.1064822222692,10N
1313.1139933869158,326.1064824234991,10N
1420.3886642250666,514.9953705521874,11N
1254.8024379875562,431.66203755423663,10N
1294.5108419330088,403.88425988825315,10N
1216.029426267729,253.8842604919417,10N
1247.45417118654,248.32870495874525,10N
1402.666630879899,470.55092628661373,11N
1235.475895926183,381.6620377554663,10N
1409.5888179343654,526.1064816185807,11N
1266.0501734938098,287.2175936911223,10N
1220.359257479715,281.66203815792517,10N
1295.4391103895705,353.88426008948284,10N
1229.754921350393,398.3287043550563,10N
1275.00142812616,364.99537115587617,10N
1288.0408645959,264.99537155833525,10N
1252.4536216789795,342.7731490230891,10N
1383.8434790155038,459.4398152202204,11N
1288.8692790534444,370.5509266890728,10N
1281.2406532818623,437.2175930874333,10N
1408.2562162867202,481.66203735300724,11N
1384.5999698072078,464.99537075341726,11N
1283.7942713567456,320.55092689030266,10N
1260.5551876217785,364.99537115587617,10N
1307.3599567424496,376.1064822222692,10N
1279.2838203881995,370.5509266890728,10N
1308.0401963839336,370.5509266890728,10N
1304.5400396162704,398.3287043550563,10N
1238.0491771375093,337.2175934898924,10N
1431.5973256559644,503.8842594857941,11N
1248.5724119594768,326.1064824234991,10N
1308.1492563540362,326.1064824234991,10N
1303.73300673079,320.55092689030266,10N
1242.0166669580817,253.8842604919417,10N
1202.074062777783,387.2175932886627,10N
1269.6983617229553,370.5509266890728,10N
1231.9646165573197,359.43981562267925,10N
1154.9698030845157,398.3287043550563,10N
1246.108947117397,364.99537115587617,10N
1305.7761372502691,348.32870455628597,10N
1427.4523373149868,503.8842594857941,11N
1154.293228374396,331.6620379566959,10N
1426.9108912341203,498.3287039525972,11N
1286.4659916474172,392.77314882185965,10N
1225.6868669309385,387.2175932886627,10N
1461.5136589830051,520.5509260853843,11N
1262.2592463534424,342.7731490230891,10N
1186.5052860361232,453.88425968702353,10N
1245.7347150598432,370.5509266890728,10N
1279.6845609477139,309.4398158239091,10N
1216.2417452696764,387.2175932886627,10N
1427.9998415660684,509.4398150189907,11N
1290.5793142749394,353.88426008948284,10N
1368.4220516991193,326.1064824234991,11N
1233.9474329216341,320.55092689030266,10N
1143.4837365420522,270.5509270915321,10N
1240.584599047339,376.1064822222692,10N
1422.1691625797432,492.7731484194005,11N
1300.8946748614555,348.32870455628597,10N
1270.6668673136046,359.43981562267925,10N
1228.738531285052,414.9953709546467,10N
1285.6056342886402,470.55092628661373,10N
886.2823291567937,487.2175928862039,9N
1247.8967390406983,337.2175934898924,10N
1234.472378078048,309.4398158239091,10N
1232.963165444145,420.5509264878431,10N
1364.3248485810586,414.9953709546467,11N
1311.9058914114241,337.2175934898924,10N
1363.5746322331427,409.4398154214498,11N
1221.060516238538,259.43981602513884,10N
1252.6707874507938,453.88425968702353,10N
1417.9626589661682,492.7731484194005,11N
1279.2512243311107,314.9953713571055,10N
1388.9542769756358,464.99537075341726,11N
1291.1317500838306,348.32870455628597,10N
1311.2873697257564,342.7731490230891,10N
1279.846903655317,448.32870415382706,10N
1221.3894805518153,248.32870495874525,10N
1416.3065551830302,514.9953705521874,11N
1415.0173722920529,503.8842594857941,11N
1312.5149669702098,331.6620379566959,10N
1257.652523719649,448.32870415382706,10N
1290.7535317722202,464.99537075341726,10N
1362.748671740644,364.99537115587617,11N
937.1235356228907,487.2175928862039,9N
1423.8861347116792,509.4398150189907,11N
1287.8386976749057,420.5509264878431,10N
1242.9729580891044,337.2175934898924,10N
1164.2137279746971,348.32870455628597,10N
1269.2425956743514,314.9953713571055,10N
1289.259852987869,314.9953713571055,10N
1153.823813302787,276.10648262472876,10N
1393.3085841440648,464.99537075341726,11N
1233.1253961859154,337.2175934898924,10N
1136.5978240106815,409.4398154214498,10N
1306.670135962112,381.6620377554663,10N
1153.8668799710224,281.66203815792517,10N
1303.8939091349225,364.99537115587617,10N
1291.676120376831,342.7731490230891,10N
1184.0308305320377,326.1064824234991,10N
1215.8789155098254,259.43981602513884,10N
1288.7789552002564,320.55092689030266,10N
1237.131283804626,426.10648202104,10N
1231.6627066130159,364.99537115587617,10N
1294.264167316249,314.9953713571055,10N
1352.939359799394,320.55092689030266,11N
1221.5487660683839,242.77314942554838,10N
1213.2637638483138,448.32870415382706,10N
1264.613833324492,309.4398158239091,10N
1184.431629035539,292.77314922431873,10N
1289.447668630541,364.99537115587617,10N
1401.374884202747,459.4398152202204,11N
1284.0765497208215,370.5509266890728,10N
1313.7023744178125,320.55092689030266,10N
1215.9888887873321,392.77314882185965,10N
1431.0868149299997,498.3287039525972,11N
1256.153523279998,359.43981562267925,10N
1262.5133220682424,259.43981602513884,10N
1210.8319781296586,253.8842604919417,10N
1277.3551586156696,270.5509270915321,10N
1412.522872691397,481.66203735300724,11N
1229.6853663161376,303.88426029071223,10N
1282.363205701858,337.2175934898924,10N
1469.6139140458085,520.5509260853843,11N
1277.9039616523758,331.6620379566959,10N
1391.9518400004417,487.2175928862039,11N
1259.5902574500851,309.4398158239091,10N
1280.342430002675,359.43981562267925,10N
1275.5046486581398,359.43981562267925,10N
1159.268681912002,337.2175934898924,10N
915.3496352282665,492.7731484194005,9N
1239.2167097040744,314.9953713571055,10N
1233.404097672303,331.6620379566959,10N
1246.6820485018352,420.5509264878431,10N
1281.8704957023679,342.7731490230891,10N
1282.5040594646543,270.5509270915321,10N
1294.8557740362817,359.43981562267925,10N
1250.162249412967,298.3287047575156,10N
1240.9419857272212,370.5509266890728,10N
1268.015102990137,331.6620379566959,10N
1220.406781567159,398.3287043550563,10N
1413.135676027983,487.2175928862039,11N
1425.8459776445075,487.2175928862039,11N
1451.6146878747718,492.7731484194005,11N
1234.7278711065192,303.88426029071223,10N
1224.8567222939296,298.3287047575156,10N
1369.0420566414216,448.32870415382706,11N
1241.6401792463912,359.43981562267925,10N
1368.923616370464,414.9953709546467,11N
1293.2062737668448,264.99537155833525,10N
1358.492577633359,326.1064824234991,11N
1436.227255274845,509.4398150189907,11N
1205.515714052399,259.43981602513884,10N
1256.4639677492628,276.10648262472876,10N
1269.637409198899,309.4398158239091,10N
1277.7100462540102,264.99537155833525,10N
1298.4547377186886,370.5509266890728,10N
1363.4573146662397,326.1064824234991,11N
1284.2555386594897,314.9953713571055,10N
1248.4512009168623,398.3287043550563,10N
1239.1030611336282,398.3287043550563,10N
1280.859722045676,353.88426008948284,10N
1235.2249567444248,292.77314922431873,10N
1245.3836222862026,292.77314922431873,10N
1419.772427857291,509.4398150189907,11N
1403.3243404283157,476.1064818198106,11N
931.2943564631039,464.99537075341726,9N
1302.196029798106,281.66203815792517,10N
1262.0913997067832,448.32870415382706,10N
1290.0179926917465,359.43981562267925,10N
1398.3411841656164,470.55092628661373,11N
1291.5669680483365,459.4398152202204,10N
1275.408027668183,448.32870415382706,10N
1422.7349675382402,498.3287039525972,11N
1210.697314781113,259.43981602513884,10N
1398.4374189281416,503.8842594857941,11N
1432.6349913511754,514.9953705521874,11N
1416.9622561375882,520.5509260853843,11N
1179.0153750299926,331.6620379566959,10N
1154.242408334758,326.1064824234991,10N
1229.448802203641,309.4398158239091,10N
1285.1802113472102,359.43981562267925,10N
1433.162766263194,520.5509260853843,11N
1238.3485270034219,331.6620379566959,10N
1229.081757934113,409.4398154214498,10N
1435.2627386258794,498.3287039525972,11N
1148.5181060365571,259.43981602513884,10N
1429.112638731793,520.5509260853843,11N
1416.789529096074,481.66203735300724,11N
1289.8615400355557,403.88425988825315,10N
1182.3828129707338,437.2175930874333,10N
1437.2128937945954,520.5509260853843,11N
1265.8290859690685,359.43981562267925,10N
1237.936066863864,414.9953709546467,10N
1239.8970197711153,448.32870415382706,10N
1299.0784956334612,364.99537115587617,10N
1433.6957868352995,526.1064816185807,11N
1268.0039076484356,253.8842604919417,10N
1237.233101438552,242.77314942554838,10N
1436.7171003932112,514.9953705521874,11N
1169.1366194333978,326.1064824234991,10N
1428.5528823091392,514.9953705521874,11N
1293.6620083860666,370.5509266890728,10N
1250.9243606188575,364.99537115587617,10N
1283.325571189636,326.1064824234991,10N
1372.823025625486,409.4398154214498,11N
1284.2857796424503,448.32870415382706,10N
1278.3988039245778,253.8842604919417,10N
1278.3608341567565,326.1064824234991,10N
1252.8205199922925,337.2175934898924,10N
1287.2869866534522,337.2175934898924,10N
1211.744482580874,381.6620377554663,10N
1164.1718824005186,326.1064824234991,10N
1464.7572323837871,503.8842594857941,11N
1416.2129957114641,476.1064818198106,11N
1308.717690574302,320.55092689030266,10N
1465.0232032555648,509.4398150189907,11N
1292.4116586941352,420.5509264878431,10N
1299.2684816446283,314.9953713571055,10N
1378.1211519492758,414.9953709546467,11N
1226.602418678761,248.32870495874525,10N
1275.9999259310453,353.88426008948284,10N
1289.9310810029237,470.55092628661373,10N
927.9691460689927,492.7731484194005,9N
1359.282852941462,376.1064822222692,11N
1238.6429378937164,326.1064824234991,10N
1211.290415263327,392.77314882185965,10N
1288.7246556295836,448.32870415382706,10N
1148.7520817011232,281.66203815792517,10N
1419.1623606330306,503.8842594857941,11N
1286.773308039599,342.7731490230891,10N
1236.8192188200117,253.8842604919417,10N
879.3423124139789,459.4398152202204,9N
1178.0876332133857,420.5509264878431,10N
1421.6092104389986,487.2175928862039,11N
1461.820583886389,526.1064816185807,11N
1430.5821698068944,492.7731484194005,11N
1251.8830003992841,264.99537155833525,10N
1375.6787157893862,431.66203755423663,11N
1419.9684177370304,470.55092628661373,11N
1264.9828998488108,303.88426029071223,10N
1413.756155352593,492.7731484194005,11N
1286.250287695017,348.32870455628597,10N
1177.9562693540818,431.66203755423663,10N
1243.916800608657,320.55092689030266,10N
1242.6479970045173,342.7731490230891,10N
1263.0706736590182,331.6620379566959,10N
1297.6816789768523,331.6620379566959,10N
1227.9395599928232,342.7731490230891,10N
1250.7584421171898,287.2175936911223,10N
890.5190963623015,487.2175928862039,9N
1216.3206542783282,242.77314942554838,10N
1468.9022207247658,503.8842594857941,11N
1265.3455656843898,298.3287047575156,10N
1394.0157374513337,470.55092628661373,11N
1174.1013564662787,326.1064824234991,10N
1248.9014844521678,320.55092689030266,10N
1236.7209865443858,431.66203755423663,10N
1118.2301035198172,287.2175936911223,10N
1403.9895598820426,481.66203735300724,11N
1240.040038565351,298.3287047575156,10N
1251.7323702320812,414.9953709546467,10N
1232.0049896484963,242.77314942554838,10N
1222.1415158225814,448.32870415382706,10N
1208.8248878611807,448.32870415382706,10N
1296.5789327140621,342.7731490230891,10N
1288.2903082225157,326.1064824234991,10N
1266.3924419088103,281.66203815792517,10N
1408.898908822475,487.2175928862039,11N
1404.5530645384904,448.32870415382706,11N
1210.9636042979264,248.32870495874525,10N
1370.6949251250712,459.4398152202204,11N
1148.6918055804633,276.10648262472876,10N
1295.9498193451473,459.4398152202204,10N
1424.8054325668968,476.1064818198106,11N
1426.3756661933194,492.7731484194005,11N
1248.0178229584735,403.88425988825315,10N
1229.9178277177368,298.3287047575156,10N
1282.8754554249554,264.99537155833525,10N
1270.0254046391924,303.88426029071223,10N
1423.3073489740082,503.8842594857941,11N
1255.2233548367742,298.3287047575156,10N
1234.9789331415438,298.3287047575156,10N
1247.5508093417482,342.7731490230891,10N
1184.367878903468,298.3287047575156,10N
1240.563954532776,287.2175936911223,10N
1455.8211914883468,492.7731484194005,11N
1243.2929563345417,331.6620379566959,10N
1407.6205588560326,476.1064818198106,11N
1217.7026398354483,448.32870415382706,10N
1415.6587210029027,509.4398150189907,11N
1239.4959539524548,309.4398158239091,10N
1246.841149243257,353.88426008948284,10N
1146.076906078776,420.5509264878431,10N
1238.932116765145,320.55092689030266,10N
1202.4272517929894,376.1064822222692,10N
1382.0714190178285,409.4398154214498,11N
1273.2013557865062,253.8842604919417,10N
1277.4394247502644,337.2175934898924,10N
1106.3591348862776,442.7731486206302,10N
1450.5827431331938,476.1064818198106,11N
1262.683037074061,442.7731486206302,10N
1107.6357438018736,276.10648262472876,10N
1174.2729634937627,292.77314922431873,10N
1258.1262443278993,331.6620379566959,10N
1154.0477944604079,303.88426029071223,10N
1173.7742212283795,381.6620377554663,10N
1395.0901867309592,509.4398150189907,11N
1254.8978902680465,303.88426029071223,10N
1237.745184667285,342.7731490230891,10N
1399.2038935853486,509.4398150189907,11N
1200.3341133236866,259.43981602513884,10N
1282.1240063608825,276.10648262472876,10N
1278.0581242543813,259.43981602513884,10N
1301.4817450512933,342.7731490230891,10N
1389.6902907370504,470.55092628661373,11N
1243.7771310252451,398.3287043550563,10N
1437.7136149854548,526.1064816185807,11N
1248.2373856656607,331.6620379566959,10N
1279.1369880166621,453.88425968702353,10N
1231.0150509748016,270.5509270915321,10N
1297.520029527854,276.10648262472876,10N
1183.9598043611113,331.6620379566959,10N
1375.8913554703506,464.99537075341726,11N
1273.3960971238769,326.1064824234991,10N
1440.340962129234,509.4398150189907,11N
1418.5590438423606,498.3287039525972,11N
1118.0632920817263,281.66203815792517,10N
1414.3831201464811,498.3287039525972,11N
1240.304289515313,292.77314922431873,10N
1155.0317850094023,403.88425988825315,10N
1238.719219163567,403.88425988825315,10N
1222.2902927611326,214.9953717595649,10N
1274.6609850733068,309.4398158239091,10N
1477.8918964870113,526.1064816185807,11N
1242.2412330595942,248.32870495874525,10N
1290.5178299414183,398.3287043550563,10N
1216.1765424248708,248.32870495874525,10N
1298.7483228872788,320.55092689030266,10N
1188.2219630683749,370.5509266890728,10N
1205.8644306982155,242.77314942554838,10N
1245.9332488292127,281.66203815792517,10N
1405.5709897842098,526.1064816185807,11N
1267.1620586906736,342.7731490230891,10N
1296.7811217272406,453.88425968702353,10N
1477.5381908135746,514.9953705521874,11N
1239.7703758969005,303.88426029071223,10N
1210.5597270317232,264.99537155833525,10N
1261.420537587151,353.88426008948284,10N
1276.2446610782235,287.2175936911223,10N
1139.0244364643092,309.4398158239091,10N
1429.677958685144,526.1064816185807,11N
1294.263082132001,364.99537115587617,10N
1425.660130534988,526.1064816185807,11N
1030.6824950964176,331.6620379566959,10N
1169.0161369633659,387.2175932886627,10N
1267.3792279121196,264.99537155833525,10N
1253.5371489923564,326.1064824234991,10N
1410.8723839510753,503.8842594857941,11N
1123.1780903516267,281.66203815792517,10N
1421.0561855007506,481.66203735300724,11N
1418.970327564588,537.2175926849744,11N
1264.2382813459724,314.9953713571055,10N
1442.3894675241365,481.66203735300724,11N
1249.8553854776649,303.88426029071223,10N
1143.409407809436,264.99537155833525,10N
1351.2334972550937,303.88426029071223,11N
1211.0925424882723,242.77314942554838,10N
1148.6326373910372,270.5509270915321,10N
1281.3688253062046,348.32870455628597,10N
1391.1895906680113,481.66203735300724,11N
1315.956619922466,298.3287047575156,10N
1237.02829493265,248.32870495874525,10N
1233.6782008608368,326.1064824234991,10N
1271.147417286016,287.2175936911223,10N
1457.1276456033934,514.9953705521874,11N
1250.4629550570908,292.77314922431873,10N
1425.0625112003906,520.5509260853843,11N
1448.5683758380105,509.4398150189907,11N
1183.8875866699727,337.2175934898924,10N
1221.2370479189985,381.6620377554663,10N
1441.2630213259977,520.5509260853843,11N
1258.77296230206,437.2175930874333,10N
1430.2492827312938,531.6620371517779,11N
1179.3522962646507,292.77314922431873,10N
1473.0472090657431,503.8842594857941,11N
1225.671921415321,276.10648262472876,10N
1232.842372330054,342.7731490230891,10N
1141.6476874155053,426.10648202104,10N
1235.7036522894134,281.66203815792517,10N
1260.991304624533,359.43981562267925,10N
1260.2844602605826,298.3287047575156,10N
1257.0818208784383,453.88425968702353,10N
1272.5446370830643,264.99537155833525,10N
1252.0800509733274,348.32870455628597,10N
1253.7502426633305,442.7731486206302,10N
1230.4094277615695,387.2175932886627,10N
1266.280333701782,353.88426008948284,10N
1454.8789615609096,476.1064818198106,11N
1169.1465429559894,320.55092689030266,10N
1245.6611983249834,287.2175936911223,10N
1456.1423571052783,498.3287039525972,11N
1239.4376871678596,453.88425968702353,10N
879.6381543169261,453.88425968702353,9N
1241.5521820573933,264.99537155833525,10N
1311.4149483077542,292.77314922431873,10N
1385.4035375533401,437.2175930874333,11N
1411.9167772837484,476.1064818198106,11N
1386.0957006938022,442.7731486206302,11N
1138.4277901358153,276.10648262472876,10N
1227.4343533160752,220.55092729276154,10N
1173.7386977939977,387.2175932886627,10N
1381.6293034884372,442.7731486206302,11N
1281.3419048704297,287.2175936911223,10N
1426.2640970043744,531.6620371517779,11N
1228.2016152343215,337.2175934898924,10N
1465.5637865144063,520.5509260853843,11N
1410.2071964506017,498.3287039525972,11N
1271.1401298164142,353.88426008948284,10N
1435.7423139969421,503.8842594857941,11N
1164.2246152945243,353.88426008948284,10N
1406.9920775941825,470.55092628661373,11N
1403.317600439737,509.4398150189907,11N
1188.90423369223,331.6620379566959,10N
1420.5092141391801,476.1064818198106,11N
1194.5902945773166,292.77314922431873,10N
1184.236619333975,309.4398158239091,10N
1419.4344271546338,464.99537075341726,11N
1198.5226859694344,342.7731490230891,10N
1406.3715056493497,464.99537075341726,11N
1357.364525727832,314.9953713571055,11N
853.7827343956279,426.10648202104,9N
1396.1886072059506,487.2175928862039,11N
1417.624474234677,526.1064816185807,11N
940.5886569097189,492.7731484194005,9N
1231.8117331262974,437.2175930874333,10N
901.2565688980334,459.4398152202204,9N
893.8737848203946,498.3287039525972,9N
1195.2396337154464,253.8842604919417,10N
1178.9114366205094,342.7731490230891,10N
1148.574816980381,264.99537155833525,10N
1231.4237176959643,259.43981602513884,10N
1380.2456626387798,464.99537075341726,11N
1399.0281220006,476.1064818198106,11N
1244.8128806872833,303.88426029071223,10N
1228.7134638279574,326.1064824234991,10N
1253.1818149967792,331.6620379566959,10N
1237.435663806889,348.32870455628597,10N
1222.4277489609071,209.439816226368,10N
1254.229652689213,314.9953713571055,10N
1143.637283431224,281.66203815792517,10N
1216.863761307585,220.55092729276154,10N
1216.4907652499357,381.6620377554663,10N
1195.1525125949738,259.43981602513884,10N
1240.8184505593124,281.66203815792517,10N
1294.2565277172062,470.55092628661373,10N
1243.6076749265972,326.1064824234991,10N
1404.6621416169662,487.2175928862039,11N
1422.2789112774558,531.6620371517779,11N
1246.7175912283392,264.99537155833525,10N
1173.5533178121848,414.9953709546467,10N
1473.874068336856,526.1064816185807,11N
1247.578544718799,409.4398154214498,10N
1107.8336955419281,281.66203815792517,10N
1200.2289086898325,264.99537155833525,10N
1423.788734323063,464.99537075341726,11N
1226.2421169672518,259.43981602513884,10N
1404.0602280569215,514.9953705521874,11N
1224.642861525756,303.88426029071223,10N
1282.8483909834947,331.6620379566959,10N
1164.1618591124784,320.55092689030266,10N
1199.7383863190573,453.88425968702353,10N
1248.7747717453828,448.32870415382706,10N
1278.8095875132349,320.55092689030266,10N
1261.8429757509534,348.32870455628597,10N
1430.8268818949255,537.2175926849744,11N
1444.032290678898,503.8842594857941,11N
1292.8018611626242,270.5509270915321,10N
1222.0318796100958,364.99537115587617,10N
1215.5683484278459,270.5509270915321,10N
1226.4243225438706,253.8842604919417,10N
-825.0380480531898,53.88426129686011,4N
-841.6389919170094,70.55092789645053,4N
-830.6096180784909,120.55092769522085,4N
-825.0333497673419,48.32870576366345,4N
-852.7646577321177,37.21759469726992,4N
-841.6563086361123,53.88426129686011,4N
-847.2168124949058,37.21759469726992,4N
-836.1110969982203,70.55092789645053,4N
-830.5759073799088,48.32870576366345,4N
-841.5998423224801,98.3287055624338,4N
-836.0880727271849,114.99537216202397,4N
-836.0948580614382,103.88426109563068,4N
-934.8935937763586,109.43981662882732,4N
172.82694237655605,509.4398150189907,7N
176.94064923094456,509.4398150189907,7N
176.86173369693415,514.9953705521874,7N
156.29383303649607,503.8842594857941,7N
-908.7093216350235,253.8842604919417,4N
-888.0822126809945,248.32870495874525,4N
-862.1824590064593,237.21759389235172,4N
-882.8692745540498,248.32870495874525,4N
389.00801260615805,387.2175932886627,8N
191.68957898257366,553.8842592845645,7N
160.88029836568785,553.8842592845645,7N
160.93190847931774,559.4398148177609,7N
180.25507965839748,548.3287037513676,7N
164.7487190648567,559.4398148177609,7N
184.14025858030456,548.3287037513676,7N
164.73145844279873,553.8842592845645,7N
188.0254375022114,548.3287037513676,7N
172.43377859702008,553.8842592845645,7N
172.38234023593415,559.4398148177609,7N
157.115097893779,559.4398148177609,7N
153.1779782114665,553.8842592845645,7N
149.48147672270153,559.4398148177609,7N
180.3729054608502,542.773148218171,7N
160.98407590345727,564.9953703509577,7N
168.54825624715525,564.9953703509577,7N
168.5826185199094,553.8842592845645,7N
168.56552965039546,559.4398148177609,7N
147.86911736515822,620.5509256829251,7N
134.56999886932584,626.1064812161218,7N
133.8418741920105,614.9953701497283,7N
130.7882004650291,620.5509256829251,7N
126.49871312808698,609.4398146165314,7N
126.93320968921313,614.9953701497283,7N
131.59989091492346,631.6620367493184,7N
144.20487094620623,614.9953701497283,7N
-869.4581845610494,-1.6712940351071115,4S
-886.0946467226055,-23.893516167893903,4S
-875.0069315735592,-12.78240510150042,4S
-875.0137177832221,-1.6712940351071115,4S
364.58371284412584,337.2175934898924,8N
364.01583077980683,331.6620379566959,8N
365.1604021671769,342.7731490230891,8N
360.2575898299456,342.7731490230891,8N
370.0632145044083,342.7731490230891,8N
370.6290415190256,348.32870455628597,8N
358.49258117292237,326.1064824234991,8N
365.74757913021284,348.32870455628597,8N
311.2873732211703,342.7731490230891,7N
365.38498165639004,292.77314922431873,8N
369.50749379572005,337.2175934898924,8N
356.8155270739495,309.4398158239091,8N
355.3547774927143,342.7731490230891,8N
360.86611674140005,348.32870455628597,8N
357.3645292956116,314.9953713571055,8N
375.1047823927393,287.2175936911223,8N
359.6599318925316,337.2175934898924,8N
363.4573182058022,326.1064824234991,8N
360.8069465042769,298.3287047575156,8N
357.924047196689,320.55092689030266,8N
361.31851043086454,303.88426029071223,8N
356.27600564048265,303.88426029071223,8N
374.9660268416396,342.7731490230891,8N
365.8680519280844,298.3287047575156,8N
-987.9305905335971,153.88426089440102,4N
227.88217189522464,659.439814415302,7N
242.3373385388888,648.3287033489084,7N
226.28123756234564,670.5509254816952,7N
229.33878704930794,670.5509254816952,7N
218.70548925891393,681.6620365480885,7N
231.50283577394464,676.1064810148921,7N
206.80920171785212,681.6620365480885,7N
228.77792711782587,692.7731476144824,7N
237.53480873178307,676.1064810148921,7N
225.47086281610612,676.1064810148921,7N
239.24018320860273,698.328703147679,7N
210.77719007097699,698.328703147679,7N
246.5827681685408,676.1064810148921,7N
223.2236880753835,670.5509254816952,7N
205.08459144345176,698.328703147679,7N
66.72574793542671,542.773148218171,7N
82.32539158000799,509.4398150189907,7N
70.64461543630334,542.773148218171,7N
83.45619981857143,481.66203735300724,7N
76.96207559746468,559.4398148177609,7N
-47.663280460102904,498.3287039525972,6N
73.14526501192594,559.4398148177609,7N
79.8023467220681,487.2175928862039,7N
109.35010664882743,537.2175926849744,7N
50.144976283511035,487.2175928862039,7N
-60.20426460055223,526.1064816185807,6N
87.72285622324844,481.66203735300724,7N
98.66632229835285,548.3287037513676,7N
75.56557951655978,487.2175928862039,7N
89.97401958084991,503.8842594857941,7N
59.81453307928397,548.3287037513676,7N
95.21955285620804,514.9953705521874,7N
104.88632464006612,531.6620371517779,7N
49.322948581154904,481.66203735300724,7N
69.98427101684224,509.4398150189907,7N
62.80688043454985,542.773148218171,7N
52.14851951939607,526.1064816185807,7N
70.21391177908302,564.9953703509577,7N
81.68404289889425,503.8842594857941,7N
77.53905455791619,503.8842594857941,7N
91.98951262792544,481.66203735300724,7N
84.03911392757618,487.2175928862039,7N
-56.18643645039661,526.1064816185807,6N
86.4390984343965,509.4398150189907,7N
52.04417523547028,548.3287037513676,7N
100.98618274960874,487.2175928862039,7N
80.42282601790987,492.7731484194005,7N
-64.22209275070784,526.1064816185807,6N
-43.48735676422324,498.3287039525972,6N
-52.168608300240784,526.1064816185807,6N
109.83329044507012,542.773148218171,7N
-61.94364989733539,537.2175926849744,6N
49.09372446320333,531.6620371517779,7N
98.07668794243999,542.773148218171,7N
67.58489092309789,548.3287037513676,7N
81.04979078272919,498.3287039525972,7N
-55.29828420930244,520.5509260853843,6N
61.0492816439595,531.6620371517779,7N
66.38957419986318,481.66203735300724,7N
-59.34841174070399,520.5509260853843,6N
-69.84801945089364,537.2175926849744,6N
-48.15078015008517,526.1064816185807,6N
-69.03957866944971,531.6620371517779,6N
61.398574323482514,476.1064818198106,7N
69.82825888103567,537.2175926849744,7N
-54.418872615391216,514.9953705521874,6N
78.21168472561926,509.4398150189907,7N
71.32881231105169,487.2175928862039,7N
-61.069207215612266,531.6620371517779,6N
-81.70457378123128,537.2175926849744,6N
46.770797109306756,492.7731484194005,7N
99.3016618982443,514.9953705521874,7N
94.6665121431735,509.4398150189907,7N
88.30897287079699,526.1064816185807,7N
-73.02476439636843,531.6620371517779,6N
65.87607410425653,537.2175926849744,7N
82.97322573009924,514.9953705521874,7N
45.30202989051098,509.4398150189907,7N
-40.81096867162886,481.66203735300724,6N
-51.24815667790067,520.5509260853843,6N
94.78114337644601,548.3287037513676,7N
-57.99146512055622,537.2175926849744,6N
71.47006984500473,548.3287037513676,7N
83.6289266542557,520.5509260853843,7N
85.8290312398721,503.8842594857941,7N
53.52944359928798,509.4398150189907,7N
58.88801293367322,542.773148218171,7N
55.92935415737713,548.3287037513676,7N
-53.09883576177457,531.6620371517779,6N
-46.254654531318465,514.9953705521874,6N
76.15477666925223,553.8842592845645,7N
58.618510694527444,487.2175928862039,7N
-65.8958346741145,537.2175926849744,6N
100.3624573212638,526.1064816185807,7N
-49.436304910676796,509.4398150189907,6N
-58.90760692013639,542.773148218171,6N
66.43182160723391,564.9953703509577,7N
54.38174348901912,487.2175928862039,7N
57.85626139050916,481.66203735300724,7N
83.12560661072527,548.3287037513676,7N
47.17777887164152,520.5509260853843,7N
76.21632240433432,492.7731484194005,7N
-53.61093788566013,481.66203735300724,6N
90.552805288785,509.4398150189907,7N
42.56429349573142,492.7731484194005,7N
46.23424435177246,514.9953705521874,7N
40.7896357718009,481.66203735300724,7N
-57.084021488693544,531.6620371517779,6N
87.05533477213551,514.9953705521874,7N
53.58960498583191,481.66203735300724,7N
-54.988739419259524,542.773148218171,6N
70.72689860399025,514.9953705521874,7N
100.90113891314718,531.6620371517779,7N
68.45245651503089,553.8842592845645,7N
-50.3367635733547,514.9953705521874,6N
43.46647751981169,498.3287039525972,7N
56.16634766955167,526.1064816185807,7N
105.39792187204831,537.2175926849744,7N
105.91442294419348,542.773148218171,7N
-54.039280343776866,537.2175926849744,6N
81.68481321137307,537.2175926849744,7N
50.06733499713977,537.2175926849744,7N
69.01965309779717,531.6620371517779,7N
-47.198029146499174,520.5509260853843,6N
-65.05439294253098,531.6620371517779,6N
497.81195929070657,464.99537075341726,8N
104.83091712113635,570.5509258841546,7N
108.5779705535327,570.5509258841546,7N
153.79175842722168,581.6620369505479,7N
121.58989294770001,542.773148218171,7N
104.25272332572325,564.9953703509577,7N
108.03481349757236,564.9953703509577,7N
101.08386368874022,570.5509258841546,7N
118.94699203839122,559.4398148177609,7N
114.20703798598046,548.3287037513676,7N
118.51753751747005,553.8842592845645,7N
114.66637744035937,553.8842592845645,7N
100.47063315387436,564.9953703509577,7N
118.0922169078873,548.3287037513676,7N
128.06032209000742,581.6620369505479,7N
112.32502398592884,570.5509258841546,7N
140.96758486306075,537.2175926849744,7N
137.51811151742177,548.3287037513676,7N
146.04850487749442,570.5509258841546,7N
120.26166493377036,576.106481417351,7N
102.55150122025971,548.3287037513676,7N
112.83834936358778,576.106481417351,7N
113.75215794594676,542.773148218171,7N
132.42513896610976,592.7731480169415,7N
116.55000714867907,576.106481417351,7N
157.46767790396655,581.6620369505479,7N
128.82171592651198,592.7731480169415,7N
106.43668014216676,548.3287037513676,7N
109.12669157849648,576.106481417351,7N
101.7033760083137,576.106481417351,7N
120.7084831365175,581.6620369505479,7N
117.67102544682338,542.773148218171,7N
105.41503379340497,576.106481417351,7N
149.6378053879106,564.9953703509577,7N
157.20198573160837,564.9953703509577,7N
121.15928027942408,587.2175924837449,7N
129.20774795127238,598.3287035501381,7N
133.06321530950245,537.2175926849744,7N
145.8557152160617,564.9953703509577,7N
109.6807247062829,581.6620369505479,7N
137.0154000862816,537.2175926849744,7N
108.87151036698485,531.6620371517779,7N
117.03256365977263,581.6620369505479,7N
135.41216104349715,581.6620369505479,7N
121.61486984731624,592.7731480169415,7N
142.30145144509808,570.5509258841546,7N
131.73624156675228,581.6620369505479,7N
125.50876044857687,542.773148218171,7N
133.6329325955149,548.3287037513676,7N
129.11103053272336,537.2175926849744,7N
121.97739582979413,548.3287037513676,7N
111.31337086731375,559.4398148177609,7N
132.77441478786713,598.3287035501381,7N
121.20666097916485,537.2175926849744,7N
117.25447620238572,537.2175926849744,7N
122.36869759458072,553.8842592845645,7N
118.01144680771847,592.7731480169415,7N
111.81690366942125,564.9953703509577,7N
113.35664418302777,581.6620369505479,7N
116.84188182082231,531.6620371517779,7N
115.13018145285247,559.4398148177609,7N
107.496560281775,559.4398148177609,7N
145.10309795296024,542.773148218171,7N
124.38440261326234,581.6620369505479,7N
130.07101774880226,553.8842592845645,7N
124.81225327465998,531.6620371517779,7N
142.53161164431833,576.106481417351,7N
157.28966517468285,570.5509258841546,7N
120.827067547741,531.6620371517779,7N
133.92217782591294,553.8842592845645,7N
117.5194173625862,587.2175924837449,7N
126.21985767169159,553.8842592845645,7N
137.26536295120678,542.773148218171,7N
123.56618428311722,570.5509258841546,7N
140.75299618233487,531.6620371517779,7N
138.2915348723637,564.9953703509577,7N
128.7974390015787,531.6620371517779,7N
152.82413919339837,537.2175926849744,7N
127.31323771551357,570.5509258841546,7N
142.76399999698688,581.6620369505479,7N
115.59899384127014,564.9953703509577,7N
110.32185906407362,548.3287037513676,7N
103.11289720902714,553.8842592845645,7N
125.15884575594421,537.2175926849744,7N
110.80460072852291,592.7731480169415,7N
146.24326942940982,576.106481417351,7N
114.4080237681207,592.7731480169415,7N
129.4276279494535,542.773148218171,7N
132.7826247284974,531.6620371517779,7N
161.03671860707897,570.5509258841546,7N
149.02196545383688,542.773148218171,7N
148.87195441661925,537.2175926849744,7N
110.23969152891044,587.2175924837449,7N
153.91804653096534,587.2175924837449,7N
144.9197696398401,537.2175926849744,7N
136.3410816244619,598.3287035501381,7N
149.7955583098906,570.5509258841546,7N
134.50944470051482,564.9953703509577,7N
153.54261174228674,570.5509258841546,7N
136.76781045541614,531.6620371517779,7N
144.7381819092538,531.6620371517779,7N
110.8152173632487,553.8842592845645,7N
142.07362504421258,564.9953703509577,7N
138.03104496608512,559.4398148177609,7N
153.41989555975945,564.9953703509577,7N
116.07207741832497,570.5509258841546,7N
164.76616607530636,564.9953703509577,7N
141.1842304520834,542.773148218171,7N
119.38108401311904,564.9953703509577,7N
148.72336763617253,531.6620371517779,7N
138.819953859227,576.106481417351,7N
131.39663828904443,576.106481417351,7N
122.76380262392993,559.4398148177609,7N
123.97332271886165,576.106481417351,7N
145.66466613716278,559.4398148177609,7N
133.34649545033014,542.773148218171,7N
124.79914319626195,587.2175924837449,7N
141.62449798013427,553.8842592845645,7N
126.5806132094689,559.4398148177609,7N
125.8625747517012,548.3287037513676,7N
137.77333790302362,553.8842592845645,7N
152.94083295471353,542.773148218171,7N
133.12698334598215,603.884259083335,7N
150.1158389504768,581.6620369505479,7N
131.0602911479097,570.5509258841546,7N
113.87955444574833,587.2175924837449,7N
145.28846936123566,548.3287037513676,7N
129.59741922502727,603.884259083335,7N
145.47565805724517,553.8842592845645,7N
141.84785555162384,559.4398148177609,7N
130.7273545286659,564.9953703509577,7N
129.7477536736081,548.3287037513676,7N
125.218292886914,592.7731480169415,7N
125.64108111467742,598.3287035501381,7N
134.80734458030585,570.5509258841546,7N
106.96405728613803,553.8842592845645,7N
127.68498050395316,576.106481417351,7N
112.85669609390358,531.6620371517779,7N
130.39742379500763,559.4398148177609,7N
113.30229142560658,537.2175926849744,7N
-3.484474614305566,64.99537236325365,6N
235.0266568850202,453.88425968702353,7N
230.61562345737556,453.88425968702353,7N
237.53612972362546,420.5509264878431,7N
228.03761119966848,426.10648202104,7N
239.89702293577037,448.32870415382706,7N
238.9727556113195,459.4398152202204,7N
231.41825982078038,442.7731486206302,7N
243.84872374030948,453.88425968702353,7N
236.3052745258845,437.2175930874333,7N
231.01927096150345,448.32870415382706,7N
227.31819813396362,437.2175930874333,7N
226.58039497436974,448.32870415382706,7N
239.43769031266484,453.88425968702353,7N
223.81724666593536,420.5509264878431,7N
-1023.4663769775709,164.99537196079456,3N
-1012.6577886238057,164.99537196079456,3N
-970.8926217694943,170.55092749399097,4N
1263.0929855673744,248.32870495874525,10N
1257.8800474404288,248.32870495874525,10N
1268.305923694319,248.32870495874525,10N
1263.3736603888326,242.77314942554838,10N
1273.5188618212635,248.32870495874525,10N
1263.64744656611,237.21759389235172,10N
1278.731799948209,248.32870495874525,10N
1263.9151441175097,231.66203835915485,10N
1283.9447380751535,248.32870495874525,10N
200.80816107515514,526.1064816185807,7N
196.79033292499955,526.1064816185807,7N
200.53078208611635,531.6620371517779,7N
209.5186060332247,514.9953705521874,7N
220.45671072071022,531.6620371517779,7N
192.77250477484395,526.1064816185807,7N
220.8973018259334,526.1064816185807,7N
204.825989225311,526.1064816185807,7N
205.1327525963028,520.5509260853843,7N
204.51596781303533,531.6620371517779,7N
217.28313519050735,520.5509260853843,7N
-183.4528665384129,731.6620363468593,6N
855.7519461812946,320.55092689030266,9N
855.8402342762063,314.9953713571055,9N
971.0527125167542,253.8842604919417,9N
863.2523777786073,142.7731498280075,9N
971.4631584884372,248.32870495874525,9N
868.0889864940016,192.77314962677784,9N
890.4638806752735,142.7731498280075,9N
809.9318202365631,253.8842604919417,9N
840.6752921150821,342.7731490230891,9N
840.6433205790535,348.32870455628597,9N
1032.0516459088817,292.77314922431873,10N
840.912335925275,298.3287047575156,9N
847.024813672546,114.99537216202397,9N
857.9562320885577,120.55092769522085,9N
850.4809167895447,342.7731490230891,9N
863.389280259671,126.10648322841753,9N
852.5760108326807,98.3287055624338,9N
873.4380678482254,192.77314962677784,9N
937.8140851640264,287.2175936911223,9N
820.0085263664231,203.88426069317137,9N
852.4814345871266,120.55092769522085,9N
852.5541164175789,103.88426109563068,9N
912.5999167113948,281.66203815792517,9N
860.7366300248065,320.55092689030266,9N
857.9220769982552,126.10648322841753,9N
891.5233901633518,298.3287047575156,9N
841.116509064987,253.8842604919417,9N
815.0750146800929,248.32870495874525,9N
847.0066370856956,120.55092769522085,9N
877.8849840419296,237.21759389235172,9N
850.7672623377838,320.55092689030266,9N
850.5542545067602,337.2175934898924,9N
963.3003041250603,287.2175936911223,9N
886.6536263055131,292.77314922431873,9N
970.632795796003,259.43981602513884,9N
957.7642850979529,292.77314922431873,9N
949.542123319165,264.99537155833525,9N
1024.6049968776977,264.99537155833525,10N
958.2030603328528,287.2175936911223,9N
1051.1836588563108,276.10648262472876,10N
809.7271144740781,237.21759389235172,9N
916.8289172823894,298.3287047575156,9N
850.8359199478272,314.9953713571055,9N
845.5781044523136,342.7731490230891,9N
969.7663307508817,270.5509270915321,9N
942.9113289562339,287.2175936911223,9N
942.5262867852881,292.77314922431873,9N
917.7147149812938,281.66203815792517,9N
947.6056195561764,292.77314922431873,9N
830.8591307003834,337.2175934898924,9N
890.3694307067199,148.32870536120413,9N
902.3703201715956,281.66203815792517,9N
970.2037600029454,264.99537155833525,9N
1026.9723131379935,292.77314922431873,10N
852.3979736555686,137.2175942948106,9N
927.2882884726223,292.77314922431873,9N
861.054500648466,303.88426029071223,9N
814.7744578337479,214.9953717595649,9N
938.1739080608913,281.66203815792517,9N
904.0995492603332,237.21759389235172,9N
953.1058165406465,287.2175936911223,9N
830.9365723388041,376.1064822222692,9N
845.6304735551663,337.2175934898924,9N
965.0383508320007,264.99537155833525,9N
948.4035046006907,281.66203815792517,9N
960.2695943385767,259.43981602513884,9N
1021.8929803671053,292.77314922431873,10N
895.1002367568917,181.6620385603845,9N
1042.2103114506594,292.77314922431873,10N
830.8912831161059,353.88426008948284,9N
840.7066926035718,337.2175934898924,9N
820.0404398316734,209.439816226368,9N
921.3809876512536,198.32870515997448,9N
932.7168413718204,287.2175936911223,9N
922.5223537874066,287.2175936911223,9N
850.6974983785584,326.1064824234991,9N
856.6375797643176,259.43981602513884,9N
921.8900227061965,298.3287047575156,9N
860.5153308650446,331.6620379566959,9N
932.0122335538123,298.3287047575156,9N
937.4469540143988,292.77314922431873,9N
825.2787042129057,187.21759409358117,9N
835.7510792307373,353.88426008948284,9N
835.7724797778508,342.7731490230891,9N
845.5247829678665,348.32870455628597,9N
922.208955701733,292.77314922431873,9N
946.6579494206399,226.1064828259584,9N
965.4511950672904,259.43981602513884,9N
905.6909455664293,187.21759409358117,9N
870.7059977118281,320.55092689030266,9N
866.0970054388475,303.88426029071223,9N
898.8566362166528,237.21759389235172,9N
965.855264378684,253.8842604919417,9N
810.0031732059017,259.43981602513884,9N
830.913585403605,364.99537115587617,9N
1037.13097867977,292.77314922431873,10N
835.7618581902407,348.32870455628597,9N
917.4251099952003,287.2175936911223,9N
885.1823699294571,131.66203876161416,9N
863.545273588773,103.88426109563068,9N
860.6269724443188,326.1064824234991,9N
927.619597579614,287.2175936911223,9N
968.8626976802881,281.66203815792517,9N
858.1042977426563,92.77315002923714,9N
948.0085727484402,287.2175936911223,9N
840.7680243127987,326.1064824234991,9N
850.6264722028059,331.6620379566959,9N
860.8445486045865,314.9953713571055,9N
933.0591097909924,281.66203815792517,9N
943.2887063307916,281.66203815792517,9N
855.662235411438,326.1064824234991,9N
820.1068771793462,220.55092729276154,9N
830.6030954898958,148.32870536120413,9N
954.7075324901098,264.99537155833525,9N
932.3676212435106,292.77314922431873,9N
879.8554220942846,120.55092769522085,9N
885.0215800959404,142.7731498280075,9N
855.4780354583543,337.2175934898924,9N
973.9774959501872,281.66203815792517,9N
967.4399715204654,298.3287047575156,9N
868.9981223740057,109.43981662882732,9N
868.804679086066,131.66203876161416,9N
950.2629199644717,253.8842604919417,9N
845.7825784942729,320.55092689030266,9N
879.5792795166075,142.7731498280075,9N
963.7478994103891,281.66203815792517,9N
835.7829116519777,337.2175934898924,9N
814.7285954425774,209.439816226368,9N
875.8574915897249,314.9953713571055,9N
938.5266588025063,276.10648262472876,9N
933.3946510801829,276.10648262472876,9N
889.7280335497012,181.6620385603845,9N
962.8436178688423,292.77314922431873,9N
922.829513251193,281.66203815792517,9N
952.6849523270646,292.77314922431873,9N
835.9627651920808,220.55092729276154,9N
1057.840243308278,298.3287047575156,10N
917.1296229308448,292.77314922431873,9N
966.2502203614929,248.32870495874525,9N
953.5183028705898,281.66203815792517,9N
789.0103240453689,248.32870495874525,9N
835.8325595712569,309.4398158239091,9N
928.2626433578595,276.10648262472876,9N
855.5709015339247,331.6620379566959,9N
958.6331011404889,281.66203815792517,9N
875.69068155534,320.55092689030266,9N
907.4851184414946,281.66203815792517,9N
825.9353497487892,337.2175934898924,9N
868.8564835210856,126.10648322841753,9N
874.3806245928523,120.55092769522085,9N
815.5429675130731,292.77314922431873,9N
959.8729416610545,264.99537155833525,9N
1068.3252130239155,303.88426029071223,10N
857.810077199273,142.7731498280075,9N
845.8797113200717,309.4398158239091,9N
845.831605619448,314.9953713571055,9N
1063.2827082335339,303.88426029071223,10N
863.4310295899901,120.55092769522085,9N
840.7376135405676,331.6620379566959,9N
845.7327613456789,326.1064824234991,9N
840.9927409328025,281.66203815792517,9N
1186.0063983629063,-68.33796043346753,10S
1230.0799031027823,-85.0046270330577,10S
1252.2201229809502,-79.44907149986106,10S
1191.5359869398583,-68.33796043346753,10S
1185.9911034929307,-73.89351596666418,10S
1197.0154379293247,-79.44907149986106,10S
1224.5645092539798,-85.0046270330577,10S
1246.6260846491855,-85.0046270330577,10S
1224.6177804551369,-79.44907149986106,10S
1235.5952969515834,-85.0046270330577,10S
1252.141478497988,-85.0046270330577,10S
1279.4892012064283,-96.11573809945114,10S
1180.4768097859546,-68.33796043346753,10S
1197.0415344719008,-73.89351596666418,10S
1169.4214920271158,-57.22684936707433,10S
1252.0576696196574,-90.56018256625437,10S
1191.5163189824152,-73.89351596666418,10S
1241.1106908003844,-85.0046270330577,10S
1246.5476836677797,-90.56018256625437,10S
1202.5667499613853,-73.89351596666418,10S
1097.304727222404,37.21759469726992,10N
1213.5768434448125,-79.44907149986106,10S
1230.1382489603004,-79.44907149986106,10S
1202.5359064344868,-79.44907149986106,10S
1230.1928274088098,-73.89351596666418,10S
1290.4976206596732,-96.11573809945114,10S
1241.037697715903,-90.56018256625437,10S
1213.5337215563777,-85.0046270330577,10S
1246.699654475787,-79.44907149986106,10S
1263.0776415234109,-90.56018256625437,10S
1219.097311949975,-79.44907149986106,10S
1163.8784243703976,-35.00462723428727,10S
1235.6587174654626,-79.44907149986106,10S
1257.5676555715343,-90.56018256625437,10S
1241.1791859706248,-79.44907149986106,10S
1208.0563749396492,-79.44907149986106,10S
1257.7405914861124,-79.44907149986106,10S
1219.0491154051788,-85.0046270330577,10S
1124.9869025118214,3.88426149808977,10N
1102.852572459617,37.21759469726992,10N
1230.0177258121496,-90.56018256625437,10S
1386.1231643216936,14.995372564483077,11N
1169.4231612328988,-51.671293833877456,10S
1185.9745009189992,-79.44907149986106,10S
1235.5277117640264,-90.56018256625437,10S
1163.8841458598702,-57.22684936707433,10S
1268.5876274752889,-90.56018256625437,10S
1213.8748058500123,-1.6712940351071115,10S
1113.877932141089,-7.2268495683037655,10S
1274.8074968637861,-40.56018276748403,10S
558.4141870136652,398.3287043550563,8N
564.996042235085,364.99537115587617,8N
553.740117122048,398.3287043550563,8N
637.1427812710338,403.88425988825315,8N
572.0525547066838,403.88425988825315,8N
558.7191714018319,392.77314882185965,8N
536.5987627386612,348.32870455628597,8N
543.6767956465281,414.9953709546467,8N
511.42096872021847,420.5509264878431,8N
589.8940771156833,353.88426008948284,8N
567.4032528092304,403.88425988825315,8N
563.4176449258374,392.77314882185965,8N
585.536076946156,409.4398154214498,8N
565.29795219002,359.43981562267925,8N
563.0882569052824,398.3287043550563,8N
620.6203223270279,337.2175934898924,8N
539.0780278571226,414.9953709546467,8N
576.6262920179306,331.6620379566959,8N
554.2976416782443,387.2175932886627,8N
613.4437499499605,303.88426029071223,8N
632.4934793735802,403.88425988825315,8N
576.9410106196383,326.1064824234991,8N
560.4601708454846,359.43981562267925,8N
521.3464048247761,381.6620377554663,8N
502.2878855418771,414.9953709546467,8N
560.1806287336248,364.99537115587617,8N
531.4334827782715,359.43981562267925,8N
531.9922651983312,337.2175934898924,8N
576.7018566041376,403.88425988825315,8N
594.2632413299905,414.9953709546467,8N
548.806045219416,403.88425988825315,8N
559.6089294272847,376.1064822222692,8N
571.6818626868115,331.6620379566959,8N
529.5430779894197,426.10648202104,8N
511.4854211206886,414.9953709546467,8N
555.6223895009491,359.43981562267925,8N
535.4073983557201,387.2175932886627,8N
691.8259133264016,326.1064824234991,9N
590.1602736423274,409.4398154214498,8N
541.8398271015196,337.2175934898924,8N
627.8441774761268,403.88425988825315,8N
497.7152125263795,426.10648202104,8N
545.2999242069036,376.1064822222692,8N
703.3965466726038,342.7731490230891,9N
553.166700072955,409.4398154214498,8N
506.80888837296243,426.10648202104,8N
589.4868589126978,359.43981562267925,8N
530.684837525089,387.2175932886627,8N
535.5852528319618,381.6620377554663,8N
530.8389701629001,381.6620377554663,8N
562.0467995209988,326.1064824234991,8N
623.5287595307242,303.88426029071223,8N
534.089915912711,426.10648202104,8N
535.7605873933165,376.1064822222692,8N
637.2272447569909,364.99537115587617,8N
531.1407573449073,370.5509266890728,8N
534.2857738163684,420.5509264878431,8N
633.894747785922,392.77314882185965,8N
615.6965413754336,337.2175934898924,8N
592.9235931710917,309.4398158239091,8N
615.2038313659771,342.7731490230891,8N
605.8489794722452,337.2175934898924,8N
562.2960847806453,320.55092689030266,8N
549.5750808476131,387.2175932886627,8N
562.7539509117768,403.88425988825315,8N
618.5455736812195,403.88425988825315,8N
511.54892980741073,409.4398154214498,8N
583.188721207669,303.88426029071223,8N
492.7989226839286,370.5509266890728,8N
527.0684842467367,337.2175934898924,8N
483.7158186550664,403.88425988825315,8N
492.7312320219871,359.43981562267925,8N
492.7648397131792,364.99537115587617,8N
497.5916520165509,370.5509266890728,8N
492.69815482305654,353.88426008948284,8N
492.940542065753,392.77314882185965,8N
493.0144224499734,403.88425988825315,8N
488.00619335130637,370.5509266890728,8N
497.6032401389675,376.1064822222692,8N
-103.61577144174058,592.7731480169415,6N
-107.21919448133838,592.7731480169415,6N
-121.17747926795953,587.2175924837449,6N
-109.69910397438781,581.6620369505479,6N
-107.82557994639433,598.3287035501381,6N
-120.28022289021587,576.106481417351,6N
-104.25891310979956,598.3287035501381,6N
400.3620286450611,353.88426008948284,8N
406.0873966868923,364.99537115587617,8N
399.9178158519024,348.32870455628597,8N
404.7992782407154,348.32870455628597,8N
410.90281018835265,364.99537115587617,8N
404.38290086502803,342.7731490230891,8N
399.4800885277965,342.7731490230891,8N
399.05017950528566,337.2175934898924,8N
401.27198318543174,364.99537115587617,8N
118.98893796769502,503.8842594857941,7N
160.03908861506045,453.88425968702353,7N
119.34875326950477,509.4398150189907,7N
139.71387967258448,503.8842594857941,7N
147.06139831844797,464.99537075341726,7N
115.23504641511627,509.4398150189907,7N
127.27891464965094,503.8842594857941,7N
106.10533295800742,498.3287039525972,7N
135.56889133160664,503.8842594857941,7N
131.4239029906288,503.8842594857941,7N
164.45012204270532,453.88425968702353,7N
144.03099439583627,509.4398150189907,7N
123.13392630867313,503.8842594857941,7N
131.16087513328566,498.3287039525972,7N
114.8439496267172,503.8842594857941,7N
123.4624601238935,509.4398150189907,7N
142.7070911500197,464.99537075341726,7N
139.91728754144754,509.4398150189907,7N
130.64355318816555,487.2175928862039,7N
148.14470125022478,509.4398150189907,7N
134.88032039367366,487.2175928862039,7N
106.55397294476151,503.8842594857941,7N
143.52038022154056,492.7731484194005,7N
126.98495143740601,498.3287039525972,7N
152.25840810461327,509.4398150189907,7N
135.1073729943897,492.7731484194005,7N
195.50826306443534,448.32870415382706,7N
135.33679882916536,498.3287039525972,7N
186.50528918092874,453.88425968702353,7N
139.512722525045,498.3287039525972,7N
110.28125665388711,498.3287039525972,7N
155.91537973323733,476.1064818198106,7N
135.80358068705902,509.4398150189907,7N
110.69896128573936,503.8842594857941,7N
114.45718034976676,498.3287039525972,7N
147.59062201019813,487.2175928862039,7N
164.34300748448908,409.4398154214498,7N
160.1676826582229,470.55092628661373,7N
182.09425575328387,453.88425968702353,7N
139.313876607965,492.7731484194005,7N
151.41570548687625,464.99537075341726,7N
151.31572967510328,459.4398152202204,7N
155.69858097191405,459.4398152202204,7N
130.90086938081433,492.7731484194005,7N
114.97974323495406,437.2175930874333,7N
195.68708217785846,442.7731486206302,7N
122.80902774152632,498.3287039525972,7N
151.72270229340424,481.66203735300724,7N
105.6618476993621,492.7731484194005,7N
146.07690933902535,420.5509264878431,7N
147.1913425153743,470.55092628661373,7N
164.4642835655358,459.4398152202204,7N
101.92940926212776,498.3287039525972,7N
191.06938707730185,448.32870415382706,7N
155.15824993321007,414.9953709546467,7N
160.08143226872483,459.4398152202204,7N
138.92273307937296,481.66203735300724,7N
127.576166978282,509.4398150189907,7N
142.86589580109143,470.55092628661373,7N
111.12133956072778,509.4398150189907,7N
143.02672445008906,476.1064818198106,7N
110.48620503899373,437.2175930874333,7N
168.86115547034996,453.88425968702353,7N
177.6128374559681,459.4398152202204,7N
143.18938948405022,481.66203735300724,7N
147.32294287780513,476.1064818198106,7N
136.04064327657107,514.9953705521874,7N
118.63310404564642,498.3287039525972,7N
168.87500714163434,448.32870415382706,7N
109.86835131293746,492.7731484194005,7N
177.88927797839946,437.2175930874333,7N
143.35385480469003,487.2175928862039,7N
150.6498703582553,420.5509264878431,7N
152.36907944471636,514.9953705521874,7N
168.94171443517538,420.5509264878431,7N
155.77001265530453,464.99537075341726,7N
122.48786215366367,492.7731484194005,7N
177.956272576832,431.66203755423663,7N
-857.3633088152322,198.32870515997448,4N
-857.3073280128999,203.88426069317137,4N
1544.391974006479,398.3287043550563,11N
1516.4329063360485,392.77314882185965,11N
1507.0720300050277,387.2175932886627,11N
1539.5074381098332,403.88425988825315,11N
1549.0660438980958,398.3287043550563,11N
1544.1567400072863,403.88425988825315,11N
1539.7179041148618,398.3287043550563,11N
1502.349469174397,387.2175932886627,11N
1521.2397124969211,387.2175932886627,11N
1539.925273956077,392.77314882185965,11N
1454.4570846060183,370.5509266890728,11N
1497.6269083437662,387.2175932886627,11N
1459.4458894841275,376.1064822222692,11N
1548.8060419047397,403.88425988825315,11N
1502.3612707647105,381.6620377554663,11N
1525.9622733275528,387.2175932886627,11N
1549.3222210040879,392.77314882185965,11N
1507.1075534337722,381.6620377554663,11N
1459.056941769852,364.99537115587617,11N
1530.6848341581835,387.2175932886627,11N
1521.1313798600536,392.77314882185965,11N
1552.2772643642509,426.10648202104,11N
1535.2268004320706,392.77314882185965,11N
1459.2498139386403,370.5509266890728,11N
1511.7945908356596,387.2175932886627,11N
1538.858731575349,420.5509264878431,11N
1488.181786682504,387.2175932886627,11N
1463.5393746705224,353.88426008948284,11N
1553.740113789713,398.3287043550563,11N
1473.883574750339,381.6620377554663,11N
1478.6298574194016,381.6620377554663,11N
1426.3369712857907,292.77314922431873,11N
1548.2755601572853,414.9953709546467,11N
1553.691985398381,476.1064818198106,11N
1511.734432812043,392.77314882185965,11N
1552.5776146330381,420.5509264878431,11N
1454.241528268392,364.99537115587617,11N
1530.2088343149255,403.88425988825315,11N
1492.9043475131357,387.2175932886627,11N
1478.5245631113028,376.1064822222692,11N
1547.7304264409597,426.10648202104,11N
1557.9882038260969,476.1064818198106,11N
1556.1579889998352,437.2175930874333,11N
1511.6734847651578,398.3287043550563,11N
1534.8581362123787,403.88425988825315,11N
1516.2609286225647,403.88425988825315,11N
1556.493230221091,431.66203755423663,11N
1458.6795785558907,353.88426008948284,11N
1553.1666967761767,409.4398154214498,11N
1534.4792567890681,414.9953709546467,11N
1530.0457132953193,409.4398154214498,11N
1548.5425000800053,409.4398154214498,11N
1548.0046536138086,420.5509264878431,11N
1483.5435916680092,392.77314882185965,11N
1535.0438342232437,398.3287043550563,11N
1449.6643552733963,370.5509266890728,11N
1516.6001187718962,381.6620377554663,11N
1525.5595324174724,403.88425988825315,11N
1449.4261147669317,364.99537115587617,11N
1530.369764331627,398.3287043550563,11N
1483.2942315180965,376.1064822222692,11N
1555.8187944976817,442.7731486206302,11N
1543.9183033838342,409.4398154214498,11N
1464.0425432712634,370.5509266890728,11N
1546.8860000869506,442.7731486206302,11N
1561.4225282207672,487.2175928862039,11N
1497.614988095649,381.6620377554663,11N
1502.3374857640315,392.77314882185965,11N
1570.8768591092453,476.1064818198106,11N
1478.8451181440037,392.77314882185965,11N
1555.4748481010295,448.32870415382706,11N
1458.866759161187,359.43981562267925,11N
1453.8197824412596,353.88426008948284,11N
1547.170912607914,437.2175930874333,11N
1550.0636422074833,464.99537075341726,11N
1502.3729051452706,376.1064822222692,11N
1555.1268857423458,453.88425968702353,11N
1557.5891904504167,481.66203735300724,11N
1492.833568331684,376.1064822222692,11N
1492.940538716021,392.77314882185965,11N
1552.8743279466905,414.9953709546467,11N
1488.0638999248897,376.1064822222692,11N
1464.391009412216,381.6620377554663,11N
1551.664450803874,437.2175930874333,11N
1478.7366650212425,387.2175932886627,11N
1525.8298533840602,392.77314882185965,11N
1525.6956944400097,398.3287043550563,11N
1478.4207312691303,370.5509266890728,11N
1488.2420651920143,392.77314882185965,11N
1543.67679236788,414.9953709546467,11N
1559.9137240881626,448.32870415382706,11N
1483.2134606017523,370.5509266890728,11N
1546.5970961267622,448.32870415382706,11N
1574.1328298372916,487.2175928862039,11N
1497.639012240026,392.77314882185965,11N
1453.6138986486503,348.32870455628597,11N
1507.0359592880368,392.77314882185965,11N
1551.0359721138952,448.32870415382706,11N
1463.8723552713132,364.99537115587617,11N
1468.687768772773,364.99537115587617,11N
1483.4592258518733,387.2175932886627,11N
1474.0141041906109,387.2175932886627,11N
1520.910230520018,403.88425988825315,11N
1560.6515271957953,437.2175930874333,11N
1511.8538361028347,381.6620377554663,11N
1478.3185957756943,364.99537115587617,11N
1525.421516599148,409.4398154214498,11N
1534.6699099914904,409.4398154214498,11N
1578.3695970428005,487.2175928862039,11N
1547.4525044995053,431.66203755423663,11N
1469.1372920812773,381.6620377554663,11N
1516.347554656775,398.3287043550563,11N
1551.9728673602974,431.66203755423663,11N
1560.9837818277308,492.7731484194005,11N
1530.5283269080653,392.77314882185965,11N
1521.0216245483919,398.3287043550563,11N
1539.2941066876629,409.4398154214498,11N
1543.4316925945789,420.5509264878431,11N
1549.3957669706642,476.1064818198106,11N
1561.8558468550934,481.66203735300724,11N
1560.2851917030464,442.7731486206302,11N
1554.7746795911257,459.4398152202204,11N
1463.7045405057231,359.43981562267925,11N
1507.1425735520638,376.1064822222692,11N
1551.3523972923156,442.7731486206302,11N
1583.189128878479,481.66203735300724,11N
1557.1857610152592,487.2175928862039,11N
1520.682953420851,414.9953709546467,11N
1570.389159664448,481.66203735300724,11N
1587.4557852831558,481.66203735300724,11N
1449.906552670541,376.1064822222692,11N
1545.406372451235,470.55092628661373,11N
1569.396789054882,492.7731484194005,11N
1555.946975885301,503.8842594857941,11N
1567.03360602265,470.55092628661373,11N
1566.5806406815295,476.1064818198106,11N
1545.7093350390553,464.99537075341726,11N
1571.3590527369327,470.55092628661373,11N
1539.0780245784745,414.9953709546467,11N
1591.7224416878328,481.66203735300724,11N
1565.659295426276,487.2175928862039,11N
1582.6063642483084,487.2175928862039,11N
1574.6558160691247,481.66203735300724,11N
1431.6624188293158,298.3287047575156,11N
1543.1835885176686,426.10648202104,11N
1575.173077536961,476.1064818198106,11N
1562.2844222538126,476.1064818198106,11N
1578.9224724738024,481.66203735300724,11N
1556.7772782141558,492.7731484194005,11N
1566.1225032597713,481.66203735300724,11N
1565.190285441307,492.7731484194005,11N
1560.5404495022708,498.3287039525972,11N
1416.178305744013,292.77314922431873,11N
1569.896062631784,487.2175928862039,11N
1461.7579232262199,287.2175936911223,11N
1555.5247540521132,509.4398150189907,11N
1551.8019875443233,503.8842594857941,11N
1560.0919642262786,503.8842594857941,11N
1556.3645258063914,498.3287039525972,11N
1564.7163731981514,498.3287039525972,11N
1568.8922968940306,498.3287039525972,11N
1552.5707746005805,492.7731484194005,11N
1573.603292668457,492.7731484194005,11N
1577.809796282033,492.7731484194005,11N
1582.0162998956082,492.7731484194005,11N
1552.9489938097515,487.2175928862039,11N
1586.8431314538163,487.2175928862039,11N
1591.079898659324,487.2175928862039,11N
1549.0558776410621,481.66203735300724,11N
1553.32253404574,481.66203735300724,11N
1595.9890980925104,481.66203735300724,11N
1545.0995485429482,476.1064818198106,11N
1579.469295964678,476.1064818198106,11N
1583.7655143923937,476.1064818198106,11N
1588.0617328201097,476.1064818198106,11N
1592.3579512478254,476.1064818198106,11N
1541.0809257369524,470.55092628661373,11N
1549.7318191655177,470.55092628661373,11N
1554.057265879801,470.55092628661373,11N
1558.3827125940838,470.55092628661373,11N
1562.7081593083665,470.55092628661373,11N
1575.6844994512153,470.55092628661373,11N
1541.3550278706273,464.99537075341726,11N
1554.4179493759125,464.99537075341726,11N
1567.4808708811977,464.99537075341726,11N
1571.8351780496255,464.99537075341726,11N
1546.0089769975036,459.4398152202204,11N
1550.391828294314,459.4398152202204,11N
1559.1575308879362,459.4398152202204,11N
1546.3048188870562,453.88425968702353,11N
1550.7158523147004,453.88425968702353,11N
1559.5379191699903,453.88425968702353,11N
1542.1582201396288,448.32870415382706,11N
1564.3526000752959,448.32870415382706,11N
1542.4196028815857,442.7731486206302,11N
1564.7515889084113,442.7731486206302,11N
1542.677374411954,437.2175930874333,11N
1565.1450653917555,437.2175930874333,11N
1542.932141638713,431.66203755423663,11N
1561.013593081883,431.66203755423663,11N
1538.6367505943774,426.10648202104,11N
1556.824102287543,426.10648202104,11N
1520.566887498428,420.5509264878431,11N
1534.2857705561185,420.5509264878431,11N
1557.150575652269,420.5509264878431,11N
1516.0841856314457,414.9953709546467,11N
1525.2817212102575,414.9953709546467,11N
1529.880488999663,414.9953709546467,11N
1557.4730957360969,414.9953709546467,11N
1516.1731232068046,409.4398154214498,11N
1520.7973199029757,409.4398154214498,11N
1557.7908934723487,409.4398154214498,11N
1511.6116267251116,403.88425988825315,11N
1553.455343802193,403.88425988825315,11N
1478.9549955238365,398.3287043550563,11N
1483.6290654154536,398.3287043550563,11N
1488.3031353070705,398.3287043550563,11N
1492.9772051986888,398.3287043550563,11N
1497.6512750903057,398.3287043550563,11N
1502.3253449819226,398.3287043550563,11N
1506.9994148735398,398.3287043550563,11N
1558.414183681331,398.3287043550563,11N
410.0816208743239,353.88426008948284,8N
410.4889491648831,359.43981562267925,8N
415.3267305094186,359.43981562267925,8N
848.2559617648946,481.66203735300724,9N
787.9053268404854,470.55092628661373,9N
801.1009522193574,476.1064818198106,9N
852.5226181695714,481.66203735300724,9N
775.7228028853849,481.66203735300724,9N
773.773352053454,453.88425968702353,9N
819.8446430477004,553.8842592845645,9N
873.4003003583431,559.4398148177609,9N
593.5023161296059,559.4398148177609,8N
893.0166845128043,553.8842592845645,9N
805.2210628984175,570.5509258841546,9N
752.2473044053202,592.7731480169415,9N
835.4706996410863,476.1064818198106,9N
860.4663952533573,498.3287039525972,9N
846.1898596839607,581.6620369505479,9N
552.9489968303147,487.2175928862039,8N
546.8287991034829,570.5509258841546,8N
554.230634204442,526.1064816185807,8N
408.3347382187668,-12.78240510150042,8S
413.8797889332753,-7.2268495683037655,8S
527.2936402908392,326.1064824234991,8N
532.3879817195786,320.55092689030266,8N
527.181998706739,331.6620379566959,8N
527.4032978760672,320.55092689030266,8N
532.1264280378583,331.6620379566959,8N
522.23756937562,331.6620379566959,8N
522.3289032579595,326.1064824234991,8N
537.0708573689775,331.6620379566959,8N
532.2583773237194,326.1064824234991,8N
537.3726655630898,320.55092689030266,8N
537.0708573689775,331.6620379566959,8N
542.0152867000966,331.6620379566959,8N
831.1744812133702,476.1064818198106,9N
228.42793087035386,631.6620367493184,7N
225.08903294085633,631.6620367493184,7N
411.7492088166824,376.1064822222692,8N
406.5297946967268,370.5509266890728,8N
149.8006805212935,364.99537115587617,7N
140.16985351837278,364.99537115587617,7N
217.68237602021517,353.88426008948284,7N
164.23568118287346,359.43981562267925,7N
149.72233714926674,359.43981562267925,7N
231.66271004612,364.99537115587617,7N
159.3978998383377,359.43981562267925,7N
144.7854343007451,353.88426008948284,7N
238.24611629795024,609.4398146165314,7N
227.76979725077547,609.4398146165314,7N
209.36041820562286,620.5509256829251,7N
99.26173713191646,553.8842592845645,7N
95.4105770548058,553.8842592845645,7N
1130.5780164417813,31.662039164073263,10N
1130.5917986456768,37.21759469726992,10N
1114.0617012302314,59.43981683005699,10N
1136.1180591050627,26.10648363087661,10N
1114.1378408505561,70.55092789645053,10N
1136.2264552857657,64.99537236325365,10N
1224.972821192844,14.995372564483077,10N
1125.083623816527,48.32870576366345,10N
1291.1243738254034,64.99537236325365,10N
1119.5976087366582,59.43981683005699,10N
1141.6634318177885,20.550928097679844,10N
1147.2166201528587,20.550928097679844,10N
1125.043953408465,37.21759469726992,10N
1125.1071622994875,53.88426129686011,10N
1147.2439733881051,42.773150230466804,10N
1119.5677421051803,53.88426129686011,10N
1119.5410662039606,48.32870576366345,10N
1119.6302497279485,64.99537236325365,10N
1141.6698270637185,26.10648363087661,10N
1152.769808487929,20.550928097679844,10N
1241.6016503195053,26.10648363087661,10N
1136.127981202596,31.662039164073263,10N
1269.1901217432662,48.32870576366345,10N
1147.2538542667942,48.32870576366345,10N
1125.062458567852,42.773150230466804,10N
1147.264843076717,53.88426129686011,10N
1136.1396438828885,37.21759469726992,10N
1291.2107414358588,59.43981683005699,10N
1108.6099459317677,70.55092789645053,10N
-1105.7442815537743,214.9953717595649,3N
-1118.2555892821813,287.2175936911223,3N
-1105.8989712250197,220.55092729276154,3N
-1148.2789575384916,231.66203835915485,3N
-1100.4455313499686,214.9953717595649,3N
-1111.0430317575801,214.9953717595649,3N
-1094.970042368736,209.439816226368,3N
-1095.1467811461625,214.9953717595649,3N
-1105.5937311469272,209.439816226368,3N
-1100.613675220775,220.55092729276154,3N
-988.4393350052065,231.66203835915485,4N
-1121.8718742887645,226.1064828259584,3N
-1148.22950168337,226.1064828259584,3N
-1089.6581979796404,209.439816226368,3N
-1127.0401552419994,220.55092729276154,3N
-1078.226598518978,187.21759409358117,3N
-1127.1433997676857,226.1064828259584,3N
-1116.7346467111013,231.66203835915485,3N
-1116.6003488098438,226.1064828259584,3N
-1137.925117518118,242.77314942554838,3N
-1132.6008345696605,237.21759389235172,3N
-1040.7008858873335,187.21759409358117,3N
-1100.2818867578317,209.439816226368,3N
-1148.777655234303,281.66203815792517,3N
-1127.249416986898,231.66203835915485,3N
-1132.5068021247966,231.66203835915485,3N
-1280.3666184760425,359.43981562267925,3N
-1179.1408336157149,320.55092689030266,3N
-1106.0572978520013,226.1064828259584,3N
-1122.369720363538,248.32870495874525,3N
-1028.8706711544532,164.99537196079456,3N
-1097.8666141133547,287.2175936911223,3N
-1189.773526937954,276.10648262472876,3N
-1111.3288233309224,226.1064828259584,3N
-1035.9227623991696,198.32870515997448,3N
-1092.769370321148,287.2175936911223,3N
-1079.250530534745,214.9953717595649,3N
-1111.1842672292646,220.55092729276154,3N
-1084.3463535905444,209.439816226368,3N
-1110.3914950603876,187.21759409358117,3N
-1041.5519435274962,203.88426069317137,3N
-1057.2708835689718,198.32870515997448,3N
-1100.7857723730806,226.1064828259584,3N
-1041.25979269162,198.32870515997448,3N
-1035.3400697970987,187.21759409358117,3N
-1084.9711959363171,226.1064828259584,3N
-1110.905575536023,209.439816226368,3N
-1079.0345092014488,209.439816226368,3N
-1084.1487196855999,203.88426069317137,3N
-1137.6107472504893,220.55092729276154,3N
-1123.2036638848058,281.66203815792517,3N
-1132.414925246607,226.1064828259584,3N
-1137.686450725528,226.1064828259584,3N
-1137.5367827766097,214.9953717595649,3N
-1164.0968710763677,264.99537155833525,3N
-1142.957976204449,226.1064828259584,3N
-1214.5830640172494,303.88426029071223,3N
-1084.7577872080399,220.55092729276154,3N
-1087.6721265289414,287.2175936911223,3N
-1116.341781961386,214.9953717595649,3N
-1121.9920318489994,231.66203835915485,3N
-1089.8480309423567,214.9953717595649,3N
-1121.7548592377543,220.55092729276154,3N
-1095.3283792165298,220.55092729276154,3N
-1116.4695632335095,220.55092729276154,3N
-1029.6889106823292,181.6620385603845,3N
-1179.6336179483244,259.43981602513884,3N
-1164.0583128317458,237.21759389235172,3N
-1061.9221299254673,181.6620385603845,3N
-1113.7329682096108,303.88426029071223,3N
-1128.7210243153431,298.3287047575156,3N
278.0350481615309,520.5509260853843,7N
-97.18407238282612,370.5509266890728,6N
-110.05549437012164,337.2175934898924,6N
-87.9790613452137,376.1064822222692,6N
-101.07156781430885,353.88426008948284,6N
-73.67005612483268,376.1064822222692,6N
-96.21177169967757,353.88426008948284,6N
1072.8389788284996,187.21759409358117,10N
1075.1616359468157,242.77314942554838,10N
1065.0013367434708,248.32870495874525,10N
86.85674486794831,576.106481417351,7N
91.30112732255837,581.6620369505479,7N
90.56840265303981,576.106481417351,7N
96.68854298202548,564.9953703509577,7N
97.99171822322239,576.106481417351,7N
93.58975682394797,570.5509258841546,7N
94.2800604381311,576.106481417351,7N
97.33681025634408,570.5509258841546,7N
94.97704679930324,581.6620369505479,7N
106.00480522953784,581.6620369505479,7N
82.34859652675935,570.5509258841546,7N
102.32888575279297,581.6620369505479,7N
98.6529662760481,581.6620369505479,7N
106.59982861207237,587.2175924837449,7N
102.9599656952345,587.2175924837449,7N
92.04037694472089,587.2175924837449,7N
107.20117768892496,592.7731480169415,7N
99.32010277839663,587.2175924837449,7N
95.68023986155877,587.2175924837449,7N
103.59775464932716,592.7731480169415,7N
104.24108009510864,598.3287035501381,7N
107.8077469317034,598.3287035501381,7N
92.78748553053384,592.7731480169415,7N
96.39090857013163,592.7731480169415,7N
99.9943316097294,592.7731480169415,7N
88.40051402788282,587.2175924837449,7N
87.6252078458133,581.6620369505479,7N
83.14508708285702,576.106481417351,7N
86.0956499591555,570.5509258841546,7N
104.89047037834284,603.884259083335,7N
108.4200344992977,603.884259083335,7N
93.54107958532435,598.3287035501381,7N
97.10774642191913,598.3287035501381,7N
100.67441325851388,598.3287035501381,7N
104.24108009510864,598.3287035501381,7N
107.8077469317034,598.3287035501381,7N
92.78748553053384,592.7731480169415,7N
96.39090857013163,592.7731480169415,7N
99.9943316097294,592.7731480169415,7N
1923.1958611070347,-412.78240349166407,12S
1899.1775988766763,-485.0046254232211,12S
1927.279245498839,-418.3379590248607,12S
1938.5372237950658,-440.56018115764743,12S
1928.994603098601,-446.1157366908443,12S
1916.6512520902788,-435.00462562445074,12S
1919.97240739371,-396.11573689207387,12S
1935.8608322834177,-423.89351455805735,12S
80.90577403707539,64.99537236325365,7N
36.854030347396986,76.10648342964694,7N
80.84626013845029,59.43981683005699,7N
42.48667669342104,81.6620389628436,7N
75.37370551780239,64.99537236325365,7N
80.79180469430564,53.88426129686011,7N
98.41263967266178,131.66203876161416,7N
75.44258036009454,70.55092789645053,7N
64.38679052251665,70.55092789645053,7N
80.97047527888378,70.55092789645053,7N
86.33122488861302,53.88426129686011,7N
1416.361981536519,431.66203755423663,11N
1416.8583049250626,437.2175930874333,11N
1459.1751799886256,476.1064818198106,11N
1429.512640435382,426.10648202104,11N
1454.2688845020612,464.99537075341726,11N
1430.338919512944,437.2175930874333,11N
1421.3518431210236,437.2175930874333,11N
1415.8721266655077,426.10648202104,11N
1411.8416186757267,431.66203755423663,11N
1419.9617450753688,420.5509264878431,11N
221.08462018172926,464.99537075341726,7N
107.82545882502082,653.8842588821051,7N
107.03680757082265,670.5509254816952,7N
136.83205478436122,659.439814415302,7N
137.22067566960988,664.9953699484986,7N
139.97171399508062,659.439814415302,7N
143.11137320580002,659.439814415302,7N
140.03088113089768,703.8842586808756,7N
143.41820069305427,664.9953699484986,7N
105.43546267716688,659.439814415302,7N
133.69239557364182,659.439814415302,7N
141.02324140636802,676.1064810148921,7N
143.72740141436816,670.5509254816952,7N
134.12191315788766,664.9953699484986,7N
116.09788683698133,692.7731476144824,7N
119.96323319983642,648.3287033489084,7N
123.18360439296936,648.3287033489084,7N
144.0392278852872,676.1064810148921,7N
142.83391036828226,703.8842586808756,7N
138.40554835674698,681.6620365480885,7N
137.61230244044398,670.5509254816952,7N
637.299463694061,259.43981602513884,8N
620.9862960942128,270.5509270915321,8N
632.5219322805076,253.8842604919417,8N
626.5396095552651,264.99537155833525,8N
614.6752406264509,287.2175936911223,8N
825.9989334126151,348.32870455628597,9N
753.77438079885,276.10648262472876,9N
816.2360086349894,348.32870455628597,9N
826.064564205637,359.43981562267925,9N
816.6275671184233,376.1064822222692,9N
816.5467962130401,370.5509266890728,9N
811.8578987116296,376.1064822222692,9N
802.3185618980425,376.1064822222692,9N
826.0314870014747,353.88426008948284,9N
821.2827584006843,364.99537115587617,9N
807.2169103395513,381.6620377554663,9N
830.9023455501725,359.43981562267925,9N
816.7094756776751,381.6620377554663,9N
802.4706276704895,381.6620377554663,9N
785.7798336788946,314.9953713571055,9N
796.3926640392236,337.2175934898924,9N
811.1640068940062,337.2175934898924,9N
796.0853910168797,326.1064824234991,9N
801.3164449908179,337.2175934898924,9N
807.0882303048361,376.1064822222692,9N
816.1612304289251,342.7731490230891,9N
790.9510562156503,320.55092689030266,9N
-885.6145511640299,98.3287055624338,4N
-885.5550653318087,103.88426109563068,4N
-852.4369638085309,-135.00462683182806,4S
-885.8366899920702,-73.89351596666418,4S
-836.0741081682976,-135.00462683182806,4S
-897.0266540842387,-57.22684936707433,4S
-798.0666253156339,-151.67129343141823,4S
-782.1650513827957,-173.8935155642051,4S
1351.0929488218203,159.43981642759744,11N
1345.9640996860421,164.99537196079456,11N
1351.3683938629256,164.99537196079456,11N
1346.2588429438624,170.55092749399097,11N
1350.8267232747394,153.88426089440102,11N
1376.6395923414893,114.99537216202397,11N
1346.5642997255388,176.1064830271876,11N
1341.1810633512328,176.1064830271876,11N
1365.853768611576,120.55092769522085,11N
1357.9249660757366,187.21759409358117,11N
1397.8939947046688,81.6620389628436,11N
195.2832037491668,559.4398148177609,7N
212.6064700551401,581.6620369505479,7N
208.93055057839524,581.6620369505479,7N
199.10001433470552,559.4398148177609,7N
179.52319476443594,581.6620369505479,7N
198.20647842068834,576.106481417351,7N
195.54073905968434,553.8842592845645,7N
203.2430592139059,553.8842592845645,7N
199.391899136795,553.8842592845645,7N
207.09421929101657,553.8842592845645,7N
210.94537936812725,553.8842592845645,7N
214.79653944523787,553.8842592845645,7N
224.73662695781408,570.5509258841546,7N
218.64769952234857,553.8842592845645,7N
193.12957340221547,603.884259083335,7N
198.8049776219466,564.9953703509577,7N
213.49546666062542,570.5509258841546,7N
190.7831628505058,576.106481417351,7N
193.95653861618237,587.2175924837449,7N
201.9181362057798,576.106481417351,7N
214.36725667686068,559.4398148177609,7N
187.07150506541447,576.106481417351,7N
183.5190392014562,570.5509258841546,7N
209.3414517759624,576.106481417351,7N
210.15124813749347,564.9953703509577,7N
213.05310956105373,576.106481417351,7N
222.0008778479384,559.4398148177609,7N
183.67661693455102,564.9953703509577,7N
222.49885959945948,553.8842592845645,7N
179.64818949523163,576.106481417351,7N
201.5787116249055,581.6620369505479,7N
189.60000928126058,603.884259083335,7N
183.199114241181,581.6620369505479,7N
213.93333830934236,564.9953703509577,7N
190.07990759967475,592.7731480169415,7N
164.85594632249013,592.7731480169415,7N
183.35984728032318,576.106481417351,7N
-114.6937939351177,431.66203755423663,6N
-107.50913057087533,459.4398152202204,6N
-111.89198186768634,459.4398152202204,6N
-106.75293730407847,448.32870415382706,6N
-110.84786686185844,442.7731486206302,6N
-111.1918132912122,448.32870415382706,6N
-110.5086723274549,437.2175930874333,6N
-107.12874225533426,453.88425968702353,6N
-112.24871211681675,464.99537075341726,6N
-102.71770882768963,453.88425968702353,6N
-740.1661935781145,203.88426069317137,4N
-734.8415965583517,203.88426069317137,4N
-745.4907905978775,203.88426069317137,4N
-750.8153876176405,203.88426069317137,4N
-751.0130215195545,209.439816226368,4N
563.9221897838788,281.66203815792517,8N
563.7028027043846,287.2175936911223,8N
564.1372649101886,276.10648262472876,8N
563.4789597210448,292.77314922431873,8N
558.6055589121779,287.2175936911223,8N
568.8000464965911,287.2175936911223,8N
558.8073915139794,281.66203815792517,8N
569.0369880537783,281.66203815792517,8N
261.30248140165105,492.7731484194005,7N
260.6145097055568,498.3287039525972,7N
267.44220002749256,509.4398150189907,7N
257.0959777880757,492.7731484194005,7N
218.07771777483003,509.4398150189907,7N
262.58602357969653,514.9953705521874,7N
256.4385860096772,498.3287039525972,7N
217.6828241172972,514.9953705521874,7N
240.26996333377414,492.7731484194005,7N
261.8345380359246,520.5509260853843,7N
256.3233822629792,531.6620371517779,7N
248.08673861791758,498.3287039525972,7N
272.353506583877,503.8842594857941,7N
255.10107946432709,509.4398150189907,7N
252.2626623137975,498.3287039525972,7N
244.47646694734948,492.7731484194005,7N
450.4567994664135,620.5509256829251,8N
408.57875803208685,664.9953699484986,8N
447.0406160863875,620.5509256829251,8N
457.8027586007064,526.1064816185807,8N
738.1663932636757,631.6620367493184,9N
887.4522495595493,609.4398146165314,9N
821.1022289274428,609.4398146165314,9N
738.330558691679,614.9953701497283,9N
449.9035454474391,614.9953701497283,8N
453.8729828464393,620.5509256829251,8N
506.38931663616495,481.66203735300724,8N
537.8269322350566,592.7731480169415,8N
529.0290172070073,620.5509256829251,8N
457.3066551701308,576.106481417351,8N
491.547285394265,626.1064812161218,8N
896.3842259892323,592.7731480169415,9N
498.03076785936986,542.773148218171,8N
1161.1435947599994,581.6620369505479,10N
447.7905126907046,498.3287039525972,8N
890.9443559086072,609.4398146165314,9N
1082.961630709132,620.5509256829251,10N
526.523502228312,514.9953705521874,8N
410.2071994277871,498.3287039525972,8N
765.965216702868,614.9953701497283,9N
1501.9662078769504,537.2175926849744,11N
451.9664363865843,498.3287039525972,8N
576.0797042930534,576.106481417351,8N
462.13077138784473,531.6620371517779,8N
573.3469589049328,642.7731478157118,8N
446.4492131960404,614.9953701497283,8N
449.7671023003952,526.1064816185807,8N
555.0834675512131,631.6620367493184,8N
422.5173949679267,592.7731480169415,8N
1187.071502419223,576.106481417351,10N
489.3226910174567,481.66203735300724,8N
549.5261174871622,620.5509256829251,8N
411.67752054380907,664.9953699484986,8N
452.3222703159846,503.8842594857941,8N
439.43866529894524,498.3287039525972,8N
510.65597304084196,481.66203735300724,8N
497.8560038268107,481.66203735300724,8N
530.6200861558611,592.7731480169415,8N
772.2802493790298,637.2175922825154,9N
406.03127573190744,498.3287039525972,8N
494.1119003584932,542.773148218171,8N
445.6583564287863,570.5509258841546,8N
472.84605486598286,498.3287039525972,8N
514.922629445519,481.66203735300724,8N
509.35826477952116,570.5509258841546,8N
578.5636614995115,609.4398146165314,8N
435.0367084595829,576.106481417351,8N
443.6244327063617,620.5509256829251,8N
485.1607215421847,487.2175928862039,8N
448.8124952357507,603.884259083335,8N
453.35787769883774,614.9953701497283,8N
444.0322936340289,503.8842594857941,8N
920.7077522035419,598.3287035501381,9N
461.39365454976945,581.6620369505479,8N
575.0715551504533,609.4398146165314,8N
442.99488094464175,614.9953701497283,8N
464.4942074742235,498.3287039525972,8N
461.8205867508622,526.1064816185807,8N
468.6701311701032,498.3287039525972,8N
737.2916765500457,609.4398146165314,9N
522.9333417758038,603.884259083335,8N
485.26671978236186,492.7731484194005,8N
505.61121134712505,570.5509258841546,8N
911.0471712616104,614.9953701497283,9N
437.013082122516,559.4398148177609,8N
472.69192733194467,587.2175924837449,8N
1068.574409186339,598.3287035501381,10N
1476.5227187615524,481.66203735300724,11N
438.22204001879686,631.6620367493184,8N
519.3222410396004,476.1064818198106,8N
494.92499310773746,626.1064812161218,8N
463.32415198059,609.4398146165314,8N
457.28916622646506,620.5509256829251,8N
501.7927018390784,592.7731480169415,8N
528.2921094697049,464.99537075341726,8N
464.75723533891835,503.8842594857941,8N
460.3182837783438,498.3287039525972,8N
480.9239543366767,487.2175928862039,8N
465.7594635211859,642.7731478157118,8N
497.8411489010196,476.1064818198106,8N
602.6885469478174,592.7731480169415,8N
456.14236008246394,498.3287039525972,8N
451.8410799272137,598.3287035501381,8N
456.46725865696243,503.8842594857941,8N
438.2238028728859,603.884259083335,8N
489.3974887476928,487.2175928862039,8N
917.1410853669473,598.3287035501381,9N
448.17728197500674,503.8842594857941,8N
908.6804907886238,581.6620369505479,9N
436.2932981635655,587.2175924837449,8N
454.46709131796695,659.439814415302,8N
501.75595705007413,603.884259083335,8N
735.9635646675401,620.5509256829251,9N
448.56837877083973,509.4398150189907,8N
741.7848909430777,614.9953701497283,9N
599.2875471570294,570.5509258841546,8N
1469.2083372521436,687.2175920812857,11N
493.63425595320086,487.2175928862039,8N
493.5893474221337,481.66203735300724,8N
456.8122099502363,614.9953701497283,8N
451.01479283259437,626.1064812161218,8N
471.611019313773,631.6620367493184,8N
410.8723869062057,503.8842594857941,8N
912.7397002056258,603.884259083335,9N
1444.6467005724344,559.4398148177609,11N
599.0851239082195,592.7731480169415,8N
899.1901876212929,626.1064812161218,9N
525.6128338269815,620.5509256829251,8N
457.1276485136947,514.9953705521874,8N
467.90333139995715,626.1064812161218,8N
1472.2560623568756,481.66203735300724,11N
203.32505280736802,609.4398146165314,7N
522.4413931862755,514.9953705521874,8N
1472.4504169050967,487.2175928862039,11N
402.58241022425,503.8842594857941,8N
822.9166449214481,681.6620365480885,9N
768.9805286849792,637.2175922825154,9N
454.3925005460669,626.1064812161218,8N
477.89189935148465,526.1064816185807,8N
502.12266023148766,481.66203735300724,8N
480.9925357100266,614.9953701497283,8N
467.02572816084455,659.439814415302,8N
443.61458899482494,498.3287039525972,8N
576.6744192080317,598.3287035501381,8N
743.8156328015555,626.1064812161218,9N
1157.4676752832538,581.6620369505479,10N
415.0173752471835,503.8842594857941,8N
206.8171591564262,609.4398146165314,7N
1562.7668472680448,520.5509260853843,11N
453.0455394716584,514.9953705521874,8N
444.2593774056492,626.1064812161218,8N
461.77233858143086,587.2175924837449,8N
445.8636202352989,609.4398146165314,8N
460.9094993340055,509.4398150189907,8N
497.87102315870897,487.2175928862039,8N
498.1892787994807,592.7731480169415,8N
473.04721202087404,503.8842594857941,8N
476.9119297653364,714.9953697472689,8N
1227.8997380552275,576.106481417351,10N
476.8537125552109,492.7731484194005,8N
472.6472089416356,492.7731484194005,8N
515.3642836869041,620.5509256829251,8N
530.5854744030491,648.3287033489084,8N
741.5052911931733,631.6620367493184,9N
598.4891406346818,631.6620367493184,8N
514.8180919807414,487.2175928862039,8N
730.3074638519291,609.4398146165314,9N
456.3399392824736,609.4398146165314,8N
1144.7031196016383,626.1064812161218,10N
518.3555903267393,631.6620367493184,8N
550.6268107070456,609.4398146165314,8N
493.72567334538144,498.3287039525972,8N
515.1912393885727,626.1064812161218,8N
437.5860557602544,564.9953703509577,8N
886.8668455018201,614.9953701497283,9N
498.01402591784444,537.2175926849744,8N
1086.3778140891573,620.5509256829251,10N
489.47322339593717,492.7731484194005,8N
474.94991724327053,631.6620367493184,8N
603.0346005894255,570.5509258841546,8N
771.5553725586516,631.6620367493184,9N
462.444362926832,537.2175926849744,8N
456.8995167259747,570.5509258841546,8N
460.61224699794053,503.8842594857941,8N
409.7946453079173,670.5509254816952,8N
523.7791419636073,470.55092628661373,8N
526.4629058967586,603.884259083335,8N
488.16957768079243,626.1064812161218,8N
734.827495334178,631.6620367493184,9N
410.9425567447167,609.4398146165314,8N
577.4645856706328,592.7731480169415,8N
880.1621315463408,570.5509258841546,9N
457.7702082595394,626.1064812161218,8N
523.4132400766656,592.7731480169415,8N
411.54501708134273,509.4398150189907,8N
520.4048375166834,576.106481417351,8N
472.2799177868676,642.7731478157118,8N
447.6370851191217,626.1064812161218,8N
427.4523402701173,503.8842594857941,8N
534.2235091954587,592.7731480169415,8N
570.0867317720921,642.7731478157118,8N
474.6587468269022,626.1064812161218,8N
452.8478329334155,609.4398146165314,8N
406.7273985652279,503.8842594857941,8N
473.4560846818399,514.9953705521874,8N
493.8666298920215,514.9953705521874,8N
253.05453487774588,642.7731478157118,7N
411.4317402571298,648.3287033489084,8N
457.463534339104,520.5509260853843,8N
902.5678953347651,626.1064812161218,9N
578.2479519202442,587.2175924837449,8N
465.83841490101787,526.1064816185807,8N
736.2614941578804,603.884259083335,9N
468.9022236798962,503.8842594857941,8N
843.8817443865854,676.1064810148921,9N
258.07241362677706,664.9953699484986,7N
465.34468238227,637.2175922825154,8N
519.4536952493245,470.55092628661373,8N
472.45041992566024,487.2175928862039,8N
573.7741413253052,659.439814415302,8N
546.1099341071364,620.5509256829251,8N
522.1966504469557,620.5509256829251,8N
530.2037211674191,653.8842588821051,8N
452.68208562522824,509.4398150189907,8N
407.3722031571754,659.439814415302,8N
407.43131022695417,509.4398150189907,8N
469.8562430511734,526.1064816185807,8N
534.5695969181891,587.2175924837449,8N
748.1830870521684,631.6620367493184,9N
533.7088405910446,687.2175920812857,8N
453.7849304505508,526.1064816185807,8N
533.5220341386682,603.884259083335,8N
461.5136618705058,520.5509260853843,8N
488.0348166466975,620.5509256829251,8N
448.2744130906189,598.3287035501381,8N
439.5405486932432,614.9953701497283,8N
1468.2136496995888,487.2175928862039,11N
469.37397563980363,514.9953705521874,8N
439.8873052930511,503.8842594857941,8N
459.91394563574863,559.4398148177609,8N
460.70534960649087,620.5509256829251,8N
1072.1410760229335,598.3287035501381,10N
552.7689115023786,587.2175924837449,8N
433.19627153697724,559.4398148177609,8N
911.8969940029567,609.4398146165314,9N
600.0871294212716,587.2175924837449,8N
477.19220036185186,503.8842594857941,8N
491.3555324642225,614.9953701497283,8N
481.3371887028299,503.8842594857941,8N
737.148480555761,642.7731478157118,9N
462.9307517195702,603.884259083335,8N
465.023206188394,509.4398150189907,8N
407.1743948288621,587.2175924837449,8N
479.38183732035174,570.5509258841546,8N
1157.5579068527968,587.2175924837449,10N
824.5943352765012,609.4398146165314,9N
519.1978535655215,609.4398146165314,8N
561.7612634102082,631.6620367493184,8N
1087.282088472605,626.1064812161218,10N
445.8426200521804,764.9953695460393,8N
1104.170627039968,626.1064812161218,10N
518.9901904754114,614.9953701497283,8N
448.9634304296222,514.9953705521874,8N
460.2665422016349,614.9953701497283,8N
459.2390092555043,642.7731478157118,8N
455.50335110362766,487.2175928862039,8N
464.2342017144849,492.7731484194005,8N
519.7118723413519,459.4398152202204,8N
1231.6113958403182,576.106481417351,10N
501.9159509380261,553.8842592845645,8N
891.5623154798961,603.884259083335,9N
445.1502361039524,564.9953703509577,8N
855.7778552392322,614.9953701497283,9N
541.4303552746546,592.7731480169415,8N
428.3103792590654,581.6620369505479,8N
456.4965066194991,564.9953703509577,8N
515.5358582240128,614.9953701497283,8N
1513.349291112132,559.4398148177609,11N
460.278596791348,564.9953703509577,8N
517.9491954092744,276.10648262472876,8N
439.69339108094056,237.21759389235172,8N
518.0082791145074,270.5509270915321,8N
444.93630412462136,237.21759389235172,8N
548.5777949741804,281.66203815792517,8N
445.9236672287136,270.5509270915321,8N
487.28896815771606,292.77314922431873,8N
450.17921716830244,237.21759389235172,8N
476.02600025893764,203.88426069317137,8N
439.8636425053735,242.77314942554838,8N
548.0678471851585,298.3287047575156,8N
523.1571799634927,270.5509270915321,8N
467.2111110288848,303.88426029071223,8N
417.41630123616477,314.9953713571055,8N
475.8629238828489,187.21759409358117,8N
548.2409614083789,292.77314922431873,8N
487.24414582128503,287.2175936911223,8N
465.54487514822836,214.9953717595649,8N
465.6323610850669,220.55092729276154,8N
475.91575953539456,192.77314962677784,8N
460.34706508082195,220.55092729276154,8N
453.01555873995187,331.6620379566959,8N
507.4939591469948,314.9953713571055,8N
455.42213021198324,237.21759389235172,8N
492.3683009286045,292.77314922431873,8N
460.4503784513563,226.1064828259584,8N
476.20295309355697,220.55092729276154,8N
470.7014032391744,203.88426069317137,8N
470.771574593396,209.439816226368,8N
492.34138961349163,287.2175936911223,8N
497.44763369949305,292.77314922431873,8N
532.515530788892,314.9953713571055,8N
548.4110713277646,287.2175936911223,8N
424.32512779596647,348.32870455628597,8N
482.1469020290785,287.2175936911223,8N
497.3510568038038,226.1064828259584,8N
460.1478858152047,209.439816226368,8N
492.2637748695811,270.5509270915321,8N
523.231426136362,264.99537155833525,8N
463.2166489118045,342.7731490230891,8N
481.3070497372369,198.32870515997448,8N
465.45973020430034,209.439816226368,8N
460.2461249444225,214.9953717595649,8N
470.84362535203417,214.9953717595649,8N
502.5358771979047,287.2175936911223,8N
470.9176570893118,220.55092729276154,8N
470.63298915233554,198.32870515997448,8N
491.98111032213797,198.32870515997448,8N
445.09175429542944,242.77314942554838,8N
455.29908122638795,231.66203835915485,8N
440.21635117189214,253.8842604919417,8N
465.37680621941155,203.88426069317137,8N
433.5166461664457,337.2175934898924,8N
440.7747663797284,270.5509270915321,8N
502.5446105450855,281.66203815792517,8N
440.0381775700395,248.32870495874525,8N
448.0711294088324,331.6620379566959,8N
486.6440800296875,198.32870515997448,8N
518.1226469336631,259.43981602513884,8N
507.65940881498517,281.66203815792517,8N
512.4982734753743,314.9953713571055,8N
467.33419631090965,309.4398158239091,8N
502.56978945258123,264.99537155833525,8N
1152.767051660624,14.995372564483077,10N
1147.2127616966075,14.995372564483077,10N
1158.321341624642,14.995372564483077,10N
1141.6584717325911,14.995372564483077,10N
1163.8756315886583,14.995372564483077,10N
1152.7641499512363,3.88426149808977,10N
1152.7778754850408,31.662039164073263,10N
1169.4299215526748,14.995372564483077,10N
1152.7639404061106,-1.6712940351071115,10S
1152.7831795945249,37.21759469726992,10N
1174.9842115166925,14.995372564483077,10N
1152.764657852864,-7.2268495683037655,10S
1152.7893520931682,42.773150230466804,10N
1180.5385014807093,14.995372564483077,10N
1152.7964118793607,48.32870576366345,10N
1186.0927914447257,14.995372564483077,10N
1152.804263271024,53.88426129686011,10N
1191.6470814087422,14.995372564483077,10N
1152.8130537752122,59.43981683005699,10N
184.4416174076319,537.2175926849744,7N
215.6427129687403,542.773148218171,7N
188.39380218441102,537.2175926849744,7N
188.5752249053602,531.6620371517779,7N
184.29177296172705,542.773148218171,7N
192.56041063227894,531.6620371517779,7N
192.34598696119016,537.2175926849744,7N
195.7957953460251,548.3287037513676,7N
156.37211495900178,509.4398150189907,7N
172.77962465489787,514.9953705521874,7N
168.69751561286165,514.9953705521874,7N
301.4468909621311,-290.5601817613361,7S
301.9170507495112,-285.00462622813944,7S
296.36036488714126,-290.5601817613361,7S
358.8397968375207,-329.4490704937132,8S
295.89814973908864,-296.11573729453295,7S
359.4239795938676,-335.00462602691,8S
346.94253003165517,-257.2268485621561,8S
202.49642483279143,-373.8935147592869,7S
358.6707410381088,-273.8935151617459,8S
353.887241741692,-329.4490704937132,8S
318.24778687464885,-273.8935151617459,7S
296.8127811217827,-285.00462622813944,7S
359.1405306571535,-279.44907069494275,8S
352.13047913262466,-257.2268485621561,8S
314.0532727006549,-262.7824040953526,7S
291.7085114940539,-285.00462622813944,7S
302.3788286950121,-279.44907069494275,7S
347.4156188524605,-262.7824040953526,8S
364.7240926002155,-285.00462622813944,8S
348.3931839171034,-273.8935151617459,8S
278.5404273220654,-323.89351496051654,7S
312.6222224044207,-279.44907069494275,7S
307.50052554971643,-279.44907069494275,7S
300.53738221886766,-351.6712926264999,7S
318.7411519726879,-268.33795962854924,7S
319.2251862515589,-262.7824040953526,7S
347.8997351843225,-268.33795962854924,8S
312.1255900049683,-285.00462622813944,7S
351.6827686006925,-251.67129302895913,8S
276.3957026108683,-285.00462622813944,7S
295.08904101794496,-357.2268481596968,7S
303.9494367096541,-318.3379594273198,7S
367.68481986912485,-318.3379594273198,8S
359.619822972487,-285.00462622813944,8S
313.58564775410304,-268.33795962854924,7S
284.43655048995197,-312.78240389412304,7S
300.96654795254716,-296.11573729453295,7S
351.5680731491481,-307.22684836092634,8S
307.0213203772397,-285.00462622813944,7S
292.1354349856031,-279.44907069494275,7S
264.7617925783993,-307.22684836092634,7S
269.40094224246263,-373.8935147592869,7S
355.10752405764714,-340.5601815601066,8S
310.90975455170553,-346.11573709330327,7S
284.8519560671574,-362.7824036928934,7S
1424.1088298433324,414.9953709546467,11N
1428.7075976327376,414.9953709546467,11N
1428.3133859795444,409.4398154214498,11N
1445.9558034759643,392.77314882185965,11N
1441.5624363908973,398.3287043550563,11N
1441.257329951958,392.77314882185965,11N
1427.9241925709468,403.88425988825315,11N
1429.107667113828,420.5509264878431,11N
1422.4634358559356,392.77314882185965,11N
1424.5347060945983,420.5509264878431,11N
1422.8661568244283,398.3287043550563,11N
1423.689189283373,409.4398154214498,11N
1446.2365062825156,398.3287043550563,11N
1423.2748906734937,403.88425988825315,11N
1422.0659350536696,387.2175932886627,11N
1427.5402267160453,398.3287043550563,11N
1437.2227963658545,403.88425988825315,11N
1432.9375826757166,409.4398154214498,11N
1436.8883664992804,398.3287043550563,11N
1433.3063654221442,414.9953709546467,11N
1436.5588564279528,392.77314882185965,11N
1420.907979277662,370.5509266890728,11N
1417.3433742230388,387.2175932886627,11N
1416.11524994504,370.5509266890728,11N
1427.161909379941,392.77314882185965,11N
1426.7884958843003,387.2175932886627,11N
1432.5734944684011,403.88425988825315,11N
1419.064992587202,409.4398154214498,11N
1441.8720982633079,403.88425988825315,11N
1437.9051332115496,414.9953709546467,11N
1433.6806281330587,420.5509264878431,11N
1442.185976068059,409.4398154214498,11N
1437.5617793718877,409.4398154214498,11N
1431.8603829039473,392.77314882185965,11N
1446.521400160762,403.88425988825315,11N
1442.8265501715182,420.5509264878431,11N
1432.2142966076635,398.3287043550563,11N
1447.1026687903611,414.9953709546467,11N
1446.8101727642315,409.4398154214498,11N
1442.5039010009548,414.9953709546467,11N
1438.2535891522884,420.5509264878431,11N
1438.6063162819655,426.10648202104,11N
1438.9637958404826,431.66203755423663,11N
1443.1531542052564,426.10648202104,11N
1447.3995111907489,420.5509264878431,11N
1419.5100620539272,414.9953709546467,11N
1451.7014365797668,414.9953709546467,11N
1414.4407958910294,409.4398154214498,11N
1451.4343694604026,409.4398154214498,11N
1418.6255887760403,403.88425988825315,11N
1451.1707020582153,403.88425988825315,11N
1418.1920869328112,398.3287043550563,11N
1450.9105761741325,398.3287043550563,11N
1417.7649623319303,392.77314882185965,11N
1450.6542769999696,392.77314882185965,11N
1412.6208133924072,387.2175932886627,11N
1431.511056714932,387.2175932886627,11N
1436.2336175455628,387.2175932886627,11N
1440.9561783761935,387.2175932886627,11N
1445.6787392068254,387.2175932886627,11N
1416.9281827215968,381.6620377554663,11N
1421.6744653906585,381.6620377554663,11N
1426.42074805972,381.6620377554663,11N
1416.5188738229858,376.1064822222692,11N
1421.2885422297793,376.1064822222692,11N
1411.3225206124168,370.5509266890728,11N
1425.700708610284,370.5509266890728,11N
1415.7182202567092,364.99537115587617,11N
1420.5336337581693,364.99537115587617,11N
1439.325995904865,437.2175930874333,11N
1438.9637958404826,431.66203755423663,11N
1443.484158701275,431.66203755423663,11N
1443.1531542052564,426.10648202104,11N
1447.6999921285487,426.10648202104,11N
1415.3887840561379,420.5509264878431,11N
1447.3995111907489,420.5509264878431,11N
1451.9724722099786,420.5509264878431,11N
1414.9112942645208,414.9953709546467,11N
1419.5100620539272,414.9953709546467,11N
1451.7014365797668,414.9953709546467,11N
1456.300204369172,414.9953709546467,11N
1409.816599194858,409.4398154214498,11N
1414.4407958910294,409.4398154214498,11N
1451.4343694604026,409.4398154214498,11N
1456.058566156574,409.4398154214498,11N
1413.976286878586,403.88425988825315,11N
1418.6255887760403,403.88425988825315,11N
1451.1707020582153,403.88425988825315,11N
1455.8200039556687,403.88425988825315,11N
1413.5180170411932,398.3287043550563,11N
1418.1920869328112,398.3287043550563,11N
1450.9105761741325,398.3287043550563,11N
1455.5846460657497,398.3287043550563,11N
-66.80305341987716,448.32870415382706,6N
-53.38540734562919,409.4398154214498,6N
-48.76121064945765,409.4398154214498,6N
-37.09315220375131,426.10648202104,6N
-112.60939564722092,470.55092628661373,6N
50.51014984845452,459.4398152202204,7N
-40.92167029219812,420.5509264878431,6N
-81.60095872972148,414.9953709546467,6N
-87.74418912307638,481.66203735300724,6N
-34.919114370649375,442.7731486206302,6N
-62.364177432743446,448.32870415382706,6N
-109.07747114646166,481.66203735300724,6N
-67.25799743414402,409.4398154214498,6N
46.12729855164376,459.4398152202204,7N
55.62094778145338,464.99537075341726,7N
59.97525494988165,464.99537075341726,7N
-63.20588757209905,414.9953709546467,6N
-62.144250695014144,481.66203735300724,6N
-33.32726244085043,431.66203755423663,6N
-85.75478421883034,409.4398154214498,6N
-112.97467616337131,476.1064818198106,6N
-90.79849430853298,414.9953709546467,6N
-86.19972651912735,414.9953709546467,6N
-38.612061192088596,437.2175930874333,6N
-42.57979742196349,464.99537075341726,6N
40.941186068654126,453.88425968702353,7N
-37.847625301642985,431.66203755423663,6N
-71.88219413031554,409.4398154214498,6N
-71.2419294070106,448.32870415382706,6N
-77.41425476939015,464.99537075341726,6N
-44.81081641447637,414.9953709546467,6N
-72.93239742680807,420.5509264878431,6N
-58.00960404180072,409.4398154214498,6N
-76.016902160384,403.88425988825315,6N
-103.95850221865496,470.55092628661373,6N
-52.82761817534543,476.1064818198106,6N
-66.18389480820613,442.7731486206302,6N
60.682408229716145,470.55092628661373,7N
42.558026276168334,464.99537075341726,7N
-67.42944140653232,453.88425968702353,6N
-70.67756350436838,481.66203735300724,6N
-62.63380073797251,409.4398154214498,6N
-61.420055030777604,476.1064818198106,6N
-63.78647538834814,420.5509264878431,6N
-108.67845773565499,476.1064818198106,6N
-71.84047483417693,453.88425968702353,6N
-41.63999012704295,426.10648202104,6N
-70.65029201357132,442.7731486206302,6N
51.26664061302487,464.99537075341726,7N
-52.05314164726016,470.55092628661373,6N
-66.41090709969113,481.66203735300724,6N
-72.40342315091029,414.9953709546467,6N
-56.378588361542995,470.55092628661373,6N
-86.65671536152325,470.55092628661373,6N
-184.1942767830496,314.9953713571055,6N
35.708727527629186,448.32870415382706,7N
-76.8291714931998,459.4398152202204,6N
38.20371910774006,464.99537075341726,7N
-104.38223930793892,476.1064818198106,6N
-67.80465536150466,414.9953709546467,6N
-45.49463131142806,420.5509264878431,6N
-85.07357511711083,453.88425968702353,6N
891.2637576079538,81.6620389628436,9N
896.838097084826,76.10648342964694,9N
367.8346596520749,170.55092749399097,8N
368.0972490606944,176.1064830271876,8N
187.06660215587212,659.439814415302,7N
183.92694294515272,659.439814415302,7N
145.46703949399893,642.7731478157118,7N
154.7014841252098,620.5509256829251,7N
148.72726662683988,642.7731478157118,7N
183.70211334544345,664.9953699484986,7N
168.22864689155557,659.439814415302,7N
171.48917228996373,648.3287033489084,7N
161.76817515820298,642.7731478157118,7N
177.50458832199888,664.9953699484986,7N
151.45853743668863,626.1064812161218,7N
151.63327849190907,631.6620367493184,7N
158.60768751743188,648.3287033489084,7N
155.38731632429895,648.3287033489084,7N
179.66098648258605,692.7731476144824,7N
151.98749375968066,642.7731478157118,7N
195.63341736632105,709.4398142140727,7N
148.50995330335877,637.2175922825154,7N
180.23106563231798,676.1064810148921,7N
164.98887020989952,631.6620367493184,7N
158.11766750523557,620.5509256829251,7N
148.94657393803308,648.3287033489084,7N
174.60915614863896,653.8842588821051,7N
174.50796531299434,659.439814415302,7N
116.43376992188648,526.1064816185807,7N
108.39811362157525,526.1064816185807,7N
112.41594177173087,526.1064816185807,7N
95.21955285620804,514.9953705521874,7N
103.87956431126355,520.5509260853843,7N
120.45159807204206,526.1064816185807,7N
99.8294367798618,520.5509260853843,7N
104.38028547141964,526.1064816185807,7N
107.92969184266506,520.5509260853843,7N
111.9798193740666,520.5509260853843,7N
103.38377094028078,514.9953705521874,7N
107.46587998231705,514.9953705521874,7N
416.1152533619714,370.5509266890728,8N
427.92419588562353,403.88425988825315,8N
422.06593842057515,387.2175932886627,8N
422.8661601567628,398.3287043550563,8N
417.3433775899442,387.2175932886627,8N
422.4634392056684,392.77314882185965,8N
415.71822368981304,364.99537115587617,8N
423.27489398817005,403.88425988825315,8N
432.5734977830773,403.88425988825315,8N
446.2365096148494,398.3287043550563,8N
1358.8569523584197,276.10648262472876,11N
1346.6622809811477,253.8842604919417,11N
1353.2434482761175,270.5509270915321,11N
1347.1298191919616,259.43981602513884,11N
1352.7729198125414,264.99537155833525,11N
1347.6075106415963,264.99537155833525,11N
1363.9889600807433,276.10648262472876,11N
1351.859729119218,253.8842604919417,11N
1351.4182256954616,248.32870495874525,11N
1352.3114199206743,259.43981602513884,11N
1357.493020649388,259.43981602513884,11N
1357.9383289834873,264.99537155833525,11N
1363.5412499740887,270.5509270915321,11N
1358.3923491251035,270.5509270915321,11N
1359.3302553413544,281.66203815792517,11N
1364.4450536112533,281.66203815792517,11N
1353.7249446360952,276.10648262472876,11N
1369.1209678030666,276.10648262472876,11N
1348.0945474271327,270.5509270915321,11N
1368.6901508230735,270.5509270915321,11N
1319.033319621571,264.99537155833525,10N
1363.103738154432,264.99537155833525,11N
1319.5109300840845,259.43981602513884,10N
1362.6746213781007,259.43981602513884,11N
1319.9783890291426,253.8842604919417,10N
1357.0571772572894,253.8842604919417,11N
1346.2052875685172,248.32870495874525,11N
1356.6311638224074,248.32870495874525,11N
1350.9857383470871,242.77314942554838,11N
1359.8130473820872,287.2175936911223,11N
1364.9102911742934,287.2175936911223,11N
1354.2154570714542,281.66203815792517,11N
1359.3302553413544,281.66203815792517,11N
1364.4450536112533,281.66203815792517,11N
1348.5929369137716,276.10648262472876,11N
1353.7249446360952,276.10648262472876,11N
1369.1209678030666,276.10648262472876,11N
1374.2529755253913,276.10648262472876,11N
1318.5463654075513,270.5509270915321,10N
1348.0945474271327,270.5509270915321,11N
1368.6901508230735,270.5509270915321,11N
1373.8390516720594,270.5509270915321,11N
776.486489699674,426.10648202104,9N
1120.5491916916926,153.88426089440102,10N
1115.125202193729,153.88426089440102,10N
1120.6314963126993,159.43981642759744,10N
1109.7012126957666,153.88426089440102,10N
1125.8358022872615,142.7731498280075,10N
1125.9033051213157,148.32870536120413,10N
1115.2171868633554,159.43981642759744,10N
1136.9295337053227,164.99537196079456,10N
1115.3123569977924,164.99537196079456,10N
1109.6033955167268,148.32870536120413,10N
1142.6366835747963,198.32870515997448,10N
1120.716651174676,164.99537196079456,10N
1147.7381220590883,164.99537196079456,10N
1153.195113403489,176.1064830271876,10N
1142.4783174985037,181.6620385603845,10N
1115.4106219899409,170.55092749399097,10N
1163.9562009308884,170.55092749399097,10N
1147.8505207056928,181.6620385603845,10N
1142.5824236596766,192.77314962677784,10N
1125.973181189655,153.88426089440102,10N
1105.5671724008027,209.439816226368,10N
1100.2553280117063,209.439816226368,10N
1153.1424162359706,164.99537196079456,10N
1115.5124587833423,176.1064830271876,10N
1158.5467104128543,164.99537196079456,10N
1147.8118770291826,176.1064830271876,10N
1115.7255075503786,187.21759409358117,10N
1109.8028774140128,159.43981642759744,10N
1158.562247715228,170.55092749399097,10N
1153.222723912882,181.6620385603845,10N
1136.9864348525837,170.55092749399097,10N
1142.3338278822062,164.99537196079456,10N
1109.5089005492612,142.7731498280075,10N
1142.4286406548763,176.1064830271876,10N
1108.8218406569101,92.77315002923714,10N
1147.7743412839059,170.55092749399097,10N
-682.5899610880033,114.99537216202397,4N
-682.7900855398417,120.55092769522085,4N
-688.0720365036883,114.99537216202397,4N
-677.1078856723183,114.99537216202397,4N
-682.3994907254669,109.43981662882732,4N
-682.9989081595479,126.10648322841753,4N
-693.5541119193733,114.99537216202397,4N
122.72523721894486,409.4398154214498,7N
126.51309285459241,387.2175932886627,7N
126.71789518095822,392.77314882185965,7N
126.11256068478244,376.1064822222692,7N
390.562101083444,442.7731486206302,8N
278.0528283558742,426.10648202104,7N
405.1924057954644,409.4398154214498,8N
409.8166024916362,409.4398154214498,8N
369.8634849260742,453.88425968702353,8N
293.16353478137233,448.32870415382706,7N
296.78112487204555,453.88425968702353,7N
418.6255920907165,403.88425988825315,8N
428.31338927632237,409.4398154214498,8N
387.9510212010083,420.5509264878431,8N
278.4184172826169,459.4398152202204,7N
372.8230289222635,409.4398154214498,8N
423.289143811514,459.4398152202204,8N
411.84162189847734,431.66203755423663,8N
288.7246587942389,448.32870415382706,7N
296.98462297361544,420.5509264878431,7N
419.0649958839793,409.4398154214498,8N
381.43117691108796,403.88425988825315,8N
383.3780601817781,420.5509264878431,8N
362.8339693212739,403.88425988825315,8N
372.69651226198306,442.7731486206302,8N
416.3619847592699,431.66203755423663,8N
277.4042555142696,431.66203755423663,7N
442.50390427960366,414.9953709546467,8N
424.108833121981,414.9953709546467,8N
374.2745183537188,453.88425968702353,8N
493.2892368068441,442.7731486206302,8N
378.6855517813634,453.88425968702353,8N
438.60631952359097,426.10648202104,8N
456.54543648945844,420.5509264878431,8N
408.9919436902785,448.32870415382706,8N
272.25358009356745,437.2175930874333,7N
299.1601471451392,403.88425988825315,7N
282.5996662791659,426.10648202104,7N
283.26573991592556,420.5509264878431,7N
712.1384314091318,420.5509264878431,9N
628.4411743435561,464.99537075341726,8N
621.1720331817386,420.5509264878431,8N
716.0532552577807,414.9953709546467,9N
731.6138655751827,431.66203755423663,9N
711.4544874683751,414.9953709546467,9N
442.20484275325094,531.6620371517779,8N
387.394544510512,559.4398148177609,8N
391.2113550960507,559.4398148177609,8N
432.5950695500334,553.8842592845645,8N
422.2789141186571,531.6620371517779,8N
406.33817121098195,531.6620371517779,8N
422.92251515904024,537.2175926849744,8N
418.97033038226084,537.2175926849744,8N
400.76174889948226,520.5509260853843,8N
441.73144600008396,526.1064816185807,8N
454.5399933732735,537.2175926849744,8N
396.71162136808044,520.5509260853843,8N
446.63562381971525,537.2175926849744,8N
251.62875861287787,537.2175926849744,7N
443.1666228470965,542.773148218171,8N
446.19002848016964,531.6620371517779,8N
227.9156499522028,537.2175926849744,7N
237.90349990790213,553.8842592845645,7N
447.0854903479732,542.773148218171,8N
450.58780859649437,537.2175926849744,8N
379.56757671500503,514.9953705521874,8N
442.68343904293613,537.2175926849744,8N
234.05233983079145,553.8842592845645,7N
458.14558566092586,531.6620371517779,8N
421.01238655649007,520.5509260853843,8N
250.18830025272155,548.3287037513676,7N
243.074785474877,542.773148218171,7N
407.8968153392064,542.773148218171,8N
392.66149383667897,520.5509260853843,8N
422.45769507285866,564.9953703509577,8N
413.60664894899423,526.1064816185807,8N
404.81187643088373,520.5509260853843,8N
271.6194154599424,559.4398148177609,7N
280.6434832658327,503.8842594857941,7N
244.19005968413393,564.9953703509577,7N
231.86783472898196,537.2175926849744,7N
251.7542400278317,564.9953703509577,7N
399.20940649836496,537.2175926849744,8N
269.614194862256,548.3287037513676,7N
386.38114862470485,553.8842592845645,8N
234.64758456509398,548.3287037513676,7N
400.91822333313,548.3287037513676,8N
247.6765738360987,537.2175926849744,7N
255.58094338965697,537.2175926849744,7N
279.7833205906584,509.4398150189907,7N
396.946661807636,570.5509258841546,8N
399.97812192518654,514.9953705521874,8N
438.7312542661567,537.2175926849744,8N
250.91252047663048,542.773148218171,7N
417.62447709914983,526.1064816185807,8N
384.5612387738759,520.5509260853843,8N
258.7502554783837,542.773148218171,7N
397.03304441122316,548.3287037513676,8N
239.15591797400032,542.773148218171,7N
257.95865809653526,548.3287037513676,7N
420.34411794266447,548.3287037513676,8N
610.6884943962424,270.5509270915321,8N
605.1933266887788,276.10648262472876,8N
600.3906926982717,270.5509270915321,8N
609.9553742129738,281.66203815792517,8N
615.0701724828731,281.66203815792517,8N
615.4573421334267,276.10648262472876,8N
590.381745358649,264.99537155833525,8N
605.5395935472569,270.5509270915321,8N
610.3253344111029,276.10648262472876,8N
580.0509270167587,264.99537155833525,8N
590.6650571356445,259.43981602513884,8N
606.2098593217831,259.43981602513884,8N
585.216336187704,264.99537155833525,8N
596.1397953140129,253.8842604919417,8N
605.8779728714844,264.99537155833525,8N
595.8466578643573,259.43981602513884,8N
590.9423471759421,253.8842604919417,8N
585.4834564069315,259.43981602513884,8N
574.8855178458134,264.99537155833525,8N
595.5471545295942,264.99537155833525,8N
600.7125637005392,264.99537155833525,8N
601.3372434520834,253.8842604919417,8N
601.0282585930702,259.43981602513884,8N
575.1202549495055,259.43981602513884,8N
580.3018556782184,259.43981602513884,8N
-56.13795743149741,570.5509258841546,6N
-74.788387124958,592.7731480169415,6N
-78.39181016455579,592.7731480169415,6N
56.119222499986215,570.5509258841546,7N
-69.2639897301939,581.6620369505479,6N
-67.58154104576245,592.7731480169415,6N
-66.5795355153908,587.2175924837449,6N
-72.15891158044633,598.3287035501381,6N
-57.18204054366305,576.106481417351,6N
-59.88501086389353,570.5509258841546,6N
-72.93990920693876,581.6620369505479,6N
-93.22726389563287,620.5509256829251,6N
-73.85926134906656,587.2175924837449,6N
-74.87322459347828,570.5509258841546,6N
-74.13457811114583,609.4398146165314,6N
-62.66864154745519,564.9953703509577,6N
59.86627593238235,570.5509258841546,7N
-68.59224474385157,598.3287035501381,6N
-60.893698328754326,576.106481417351,6N
-79.29224525363584,598.3287035501381,6N
-70.21939843222869,587.2175924837449,6N
-65.58807025344903,581.6620369505479,6N
57.163482587217764,576.106481417351,7N
-75.72557841704108,598.3287035501381,6N
-61.91215077670398,581.6620369505479,6N
-89.8110805156071,620.5509256829251,6N
-61.45891107066184,598.3287035501381,6N
-86.39489713558113,620.5509256829251,6N
-66.4507317193041,564.9953703509577,6N
-71.12617116108214,570.5509258841546,6N
-69.61247667323003,603.884259083335,6N
-72.02867168402844,576.106481417351,6N
60.875140372309055,576.106481417351,7N
-64.60535611384586,576.106481417351,6N
-55.1044612037572,564.9953703509577,6N
-58.236231299959115,581.6620369505479,6N
-63.97811800616446,592.7731480169415,6N
-63.63206429628987,570.5509258841546,6N
-104.9081178827791,603.884259083335,6N
-79.45198725421102,576.106481417351,6N
58.21785203185419,581.6620369505479,7N
-71.18496408536024,592.7731480169415,6N
-67.37911772868601,570.5509258841546,6N
66.56133652685537,587.2175924837449,7N
-77.79700223485075,564.9953703509577,6N
64.58679815740034,576.106481417351,7N
-58.88655137560608,564.9953703509577,6N
-83.16364503930251,576.106481417351,6N
-87.29897911671158,626.1064812161218,6N
-77.49912426590444,587.2175924837449,6N
-59.29980968171486,587.2175924837449,6N
-101.37855376182404,603.884259083335,6N
-102.07142890361146,609.4398146165314,6N
-75.74032946911974,576.106481417351,6N
-96.64344727565866,620.5509256829251,6N
-82.53203773023581,637.2175922825154,6N
-62.93967259855274,587.2175924837449,6N
63.61332936477848,570.5509258841546,7N
-60.37469496656669,592.7731480169415,6N
55.08555109168724,564.9953703509577,7N
-108.43768200373397,603.884259083335,6N
-80.79796989403188,559.4398148177609,6N
-70.23282189115298,564.9953703509577,6N
-65.02557790725658,598.3287035501381,6N
-68.31701389893716,576.106481417351,6N
61.89377150859905,581.6620369505479,7N
65.56969098534391,581.6620369505479,7N
-74.01491206300187,564.9953703509577,6N
-73.14204079418494,603.884259083335,6N
-86.87530282439381,576.106481417351,6N
-105.56353525266984,609.4398146165314,6N
-112.5477479507862,609.4398146165314,6N
-109.05564160172804,609.4398146165314,6N
-75.13549727006134,614.9953701497283,6N
-81.11879080926218,609.4398146165314,6N
-81.57909240669986,564.9953703509577,6N
-81.13898718274228,587.2175924837449,6N
-85.36118257854875,564.9953703509577,6N
-88.43159106510937,559.4398148177609,6N
-90.58696060948512,576.106481417351,6N
-111.96724612468884,603.884259083335,6N
-76.61582868368363,581.6620369505479,6N
-80.20116903609467,603.884259083335,6N
62.9214736100175,587.2175924837449,7N
-90.6766868301843,626.1064812161218,6N
-95.86149077845302,614.9953701497283,6N
-66.08291255227498,603.884259083335,6N
-84.61089715832034,609.4398146165314,6N
-83.73073315704951,603.884259083335,6N
60.356678174153494,592.7731480169415,7N
-115.4968102456437,603.884259083335,6N
-80.2917481604285,581.6620369505479,6N
-89.2020792833493,592.7731480169415,6N
-82.97871375555535,620.5509256829251,6N
-95.73092050643852,637.2175922825154,6N
-606.4827624471322,-385.0046258256803,5S
782.9195838841413,459.4398152202204,9N
809.0616194746116,453.88425968702353,9N
759.6266109982739,442.7731486206302,9N
804.650586046967,453.88425968702353,9N
804.4695397885962,448.32870415382706,9N
737.2946249714478,442.7731486206302,9N
813.4726529022562,453.88425968702353,9N
795.591787814329,448.32870415382706,9N
800.0306638014627,448.32870415382706,9N
749.695317018353,431.66203755423663,9N
708.4111118383576,459.4398152202204,9N
800.2395526193224,453.88425968702353,9N
763.6722549820284,437.2175930874333,9N
782.2751598529286,448.32870415382706,9N
704.8703837048314,464.99537075341726,9N
758.7360427399384,431.66203755423663,9N
778.184385481099,453.88425968702353,9N
755.1602137929087,442.7731486206302,9N
764.0930082036391,442.7731486206302,9N
741.761022176813,442.7731486206302,9N
-742.8927906605389,114.99537216202397,4N
-753.856941491909,114.99537216202397,4N
-797.7608330699022,120.55092769522085,4N
-770.2235265692553,109.43981662882732,4N
-759.3390169075942,114.99537216202397,4N
-803.0240855192424,87.21759449604048,4N
-698.407976899297,92.77315002923714,4N
-748.3748660762241,114.99537216202397,4N
-792.2314694017045,114.99537216202397,4N
-770.1479150342778,103.88426109563068,4N
-704.3554996864141,109.43981662882732,4N
-715.0575544030243,98.3287055624338,4N
-781.4842902503639,131.66203876161416,4N
-786.634650791068,103.88426109563068,4N
-764.8210923232792,114.99537216202397,4N
-781.0796176653489,98.3287055624338,4N
-770.3031677389642,114.99537216202397,4N
-759.2455220887819,109.43981662882732,4N
-775.5777790601552,98.3287055624338,4N
-715.1921291783108,103.88426109563068,4N
-715.4824135821137,114.99537216202397,4N
-748.2675176083083,109.43981662882732,4N
-775.7125288094921,109.43981662882732,4N
-797.58513348093,98.3287055624338,4N
-775.9413636036019,126.10648322841753,4N
-792.0392045575102,92.77315002923714,4N
-709.4234154473221,92.77315002923714,4N
-753.7565198485449,109.43981662882732,4N
-720.8225064071244,109.43981662882732,4N
-748.0685860341865,98.3287055624338,4N
1185.8147666193918,120.55092769522085,10N
1174.539596773237,231.66203835915485,10N
1179.7969819111352,231.66203835915485,10N
1179.832297401711,226.1064828259584,10N
1174.5179248235354,237.21759389235172,10N
1174.5813932736257,220.55092729276154,10N
1174.8760702873967,114.99537216202397,10N
1180.3581457030816,114.99537216202397,10N
1201.644240772249,176.1064830271876,10N
1179.760837867216,237.21759389235172,10N
1174.886443201712,109.43981662882732,10N
1169.393994871711,114.99537216202397,10N
1191.2895641208227,120.55092769522085,10N
491.89558361227284,170.55092749399097,8N
491.963003598067,192.77314962677784,8N
497.26524226261915,142.7731498280075,8N
353.0855128868985,-196.11573769699214,8S
